,N,P,K,ph,Fertility_Status
0,90,42,43,6.502985292000001,Moderate
1,85,58,41,7.038096361,Moderate
2,60,55,44,7.840207144,Poor
3,74,35,40,6.980400905,Moderate
4,78,42,42,7.628472891,Moderate
5,69,37,42,7.073453503,Moderate
6,69,55,38,5.70080568,Moderate
7,94,53,40,5.718627177999999,Moderate
8,89,54,38,6.685346424,Moderate
9,68,58,38,6.336253525,Moderate
10,91,53,40,5.386167788,Moderate
11,90,46,42,7.50283396,Moderate
12,78,58,44,5.108681786,Moderate
13,93,56,36,6.98435366,Moderate
14,94,50,37,6.94801983,Moderate
15,60,48,39,7.042299068999999,Moderate
16,85,38,41,6.2490506560000005,Moderate
17,91,35,39,6.970859754,Moderate
18,77,38,36,5.953933276,Moderate
19,88,35,40,5.85393208,Moderate
20,89,45,36,6.442475375,Moderate
21,76,40,43,5.070175667,Moderate
22,67,59,41,6.012632591,Moderate
23,83,41,43,6.254028451,Moderate
24,98,47,37,7.375482851,Moderate
25,66,53,41,7.778915154,Poor
26,97,59,43,6.2865001760000006,Moderate
27,97,50,41,7.070959995,Moderate
28,60,49,44,6.244841491,Moderate
29,84,51,35,6.043304899,Moderate
30,73,57,41,5.824709117,Moderate
31,92,35,40,6.3573893660000005,Moderate
32,85,37,39,6.364134967999999,Moderate
33,98,53,38,5.01450727,Moderate
34,88,54,44,6.149410611,Moderate
35,95,55,42,5.950660556,Moderate
36,99,57,35,5.960370061,Moderate
37,95,39,36,5.561398642,Moderate
38,60,43,44,7.416245107000001,Moderate
39,63,44,41,5.583370042,Moderate
40,62,42,36,6.430010215,Moderate
41,64,45,43,5.534878156,Moderate
42,83,60,36,6.903985986,Moderate
43,82,40,40,6.271478837999999,Moderate
44,85,52,45,7.224285503,Moderate
45,91,35,38,6.13428721,Moderate
46,76,49,42,5.206373153,Moderate
47,74,39,38,7.782051312999999,Moderate
48,79,43,39,7.062779015,Moderate
49,88,55,45,7.730367824,Moderate
50,60,36,43,5.286203711000001,Poor
51,76,60,39,6.766240045,Moderate
52,93,56,42,7.382762603,Moderate
53,65,60,43,5.658169482000001,Moderate
54,95,52,36,5.543360237999999,Moderate
55,75,38,39,6.215109715,Moderate
56,74,54,38,7.120272972,Moderate
57,91,36,45,5.950647577000001,Moderate
58,71,46,40,7.236705436,Moderate
59,99,55,35,6.501697816,Moderate
60,72,40,38,7.592490617,Moderate
61,83,58,45,5.875345751,Moderate
62,93,58,38,6.932400225,Moderate
63,70,36,42,6.9462098810000015,Moderate
64,76,47,42,5.739175027000001,Moderate
65,99,41,36,6.738652179,Moderate
66,99,54,37,5.5948196260000005,Moderate
67,86,59,35,6.946636369,Moderate
68,69,46,41,5.012139669,Poor
69,91,56,37,6.363472207999999,Moderate
70,61,52,41,6.880431223,Moderate
71,67,45,38,7.300410836,Moderate
72,79,42,37,6.587918707999999,Moderate
73,78,43,42,7.283736617000001,Moderate
74,75,54,36,7.023936392,Moderate
75,97,36,45,6.939083505,Moderate
76,67,47,44,7.868474653,Poor
77,73,35,38,5.005306977,Moderate
78,77,36,37,6.136131869,Moderate
79,81,41,38,7.5240800760000015,Moderate
80,68,57,43,5.706943251,Moderate
81,72,45,35,5.758506323,Moderate
82,61,53,43,6.349606327,Moderate
83,67,43,39,5.9999690260000005,Moderate
84,67,58,39,5.453592032,Poor
85,66,60,38,6.372576327000001,Moderate
86,82,43,38,5.105588355,Moderate
87,84,50,44,5.9353444060000005,Moderate
88,81,53,42,5.17782304,Moderate
89,91,50,40,6.462391607000001,Moderate
90,93,53,38,7.069172227,Moderate
91,90,44,38,7.473134377,Moderate
92,81,45,35,6.158376967000001,Moderate
93,78,40,38,7.549873681,Moderate
94,60,51,36,6.028321557999999,Moderate
95,88,46,42,6.604993475,Moderate
96,93,47,37,6.500343222000001,Moderate
97,60,55,45,5.935745417000001,Moderate
98,78,35,44,7.072655622,Moderate
99,65,37,40,5.333322606,Poor
100,71,54,16,5.7499144210000015,Moderate
101,61,44,17,6.931756557999999,Moderate
102,80,43,16,6.657964753,Moderate
103,73,58,21,6.596060648,Moderate
104,61,38,20,5.970458434,Moderate
105,68,41,16,6.158830619,Moderate
106,93,41,17,6.047906679,Moderate
107,89,60,19,5.913664501,Moderate
108,76,44,17,5.855442401,Moderate
109,67,60,25,5.750254943,Moderate
110,70,44,19,5.852607099,Moderate
111,90,49,21,6.4725232870000005,Moderate
112,62,52,16,6.9670577620000005,Moderate
113,92,44,16,6.082973754,Moderate
114,66,54,21,5.919045532,Moderate
115,63,58,22,6.204747652999999,Moderate
116,70,47,17,6.600827017,Moderate
117,61,41,17,6.021902237000001,Moderate
118,66,53,19,6.033550195,Moderate
119,74,55,19,6.28886807,Moderate
120,77,57,21,6.550563822999999,Moderate
121,99,50,15,5.573286437,Moderate
122,74,56,22,6.829199275,Moderate
123,83,45,21,5.716222912,Moderate
124,100,48,16,5.54990242,Moderate
125,79,51,16,6.586244581,Moderate
126,94,39,18,5.893093135,Moderate
127,75,49,15,5.918263801,Moderate
128,78,48,22,5.588650585,Moderate
129,87,54,20,6.576418207000001,Moderate
130,87,35,25,6.178056304,Moderate
131,63,43,19,6.641906353,Moderate
132,84,57,25,6.489040367,Moderate
133,64,35,23,5.680361037999999,Moderate
134,60,46,22,6.625404347999999,Moderate
135,98,44,21,6.524478032,Moderate
136,75,56,18,5.696205468,Moderate
137,86,55,21,6.803931519,Moderate
138,98,35,18,6.252797547999999,Moderate
139,76,57,18,6.092725883,Moderate
140,99,56,17,6.234330356,Moderate
141,60,44,23,5.722579819,Moderate
142,74,48,17,6.430616465,Moderate
143,89,60,17,5.983952675,Moderate
144,69,51,23,6.80163854,Moderate
145,96,46,22,6.499936446,Moderate
146,61,60,15,6.265564338,Moderate
147,74,58,18,6.727303282,Moderate
148,74,43,23,6.325235159,Moderate
149,63,43,17,6.807487794,Moderate
150,99,36,20,6.671085817000001,Moderate
151,77,36,23,6.648725327,Moderate
152,87,60,23,6.439071996,Moderate
153,60,38,17,6.474476516,Moderate
154,94,54,17,5.871647806,Moderate
155,95,38,22,5.730617109,Moderate
156,84,44,21,5.850439831,Moderate
157,77,58,19,5.791649933,Moderate
158,66,44,20,6.740000687999999,Moderate
159,63,35,16,6.272417541,Moderate
160,79,45,20,5.715208817000001,Moderate
161,72,60,25,5.773454729,Moderate
162,67,51,24,5.584171461,Moderate
163,86,36,24,5.787268394,Moderate
164,76,48,18,5.77597783,Moderate
165,75,53,18,6.864793607,Moderate
166,81,45,23,6.192360002999999,Moderate
167,73,45,21,6.636803222999999,Moderate
168,71,35,24,5.826426917,Moderate
169,96,54,22,6.960358276,Moderate
170,99,39,18,6.11275104,Moderate
171,62,48,20,6.708446922,Moderate
172,86,37,16,5.561510732,Moderate
173,94,50,19,5.873242491,Moderate
174,76,39,24,6.995843776,Moderate
175,77,52,17,5.714799723,Moderate
176,74,39,23,6.78073637,Moderate
177,81,49,20,5.513697923,Moderate
178,63,42,21,5.798423907999999,Moderate
179,99,38,21,6.352471866,Moderate
180,90,52,25,6.822586546,Moderate
181,68,40,19,6.655426355,Moderate
182,60,57,24,6.1212940410000005,Moderate
183,71,52,18,5.790770202999999,Moderate
184,61,59,17,6.47444292,Moderate
185,88,38,15,6.455116637000001,Moderate
186,65,60,22,6.6069840860000015,Moderate
187,78,37,22,6.330554389,Moderate
188,78,58,15,6.5286312660000005,Moderate
189,92,60,23,5.721667141,Moderate
190,79,59,17,6.644205485,Moderate
191,91,55,15,6.376651091,Moderate
192,76,51,18,6.247040422,Moderate
193,87,48,25,6.656730007999999,Moderate
194,71,60,22,6.2048017,Moderate
195,90,57,24,6.158860284,Moderate
196,67,35,22,6.385684213999999,Moderate
197,60,54,19,6.417820493,Moderate
198,83,58,23,6.381201909,Moderate
199,83,57,19,6.877869005,Moderate
200,40,72,77,7.485996067,Moderate
201,23,72,84,6.920251378,Moderate
202,39,58,85,5.9969320370000005,Moderate
203,22,72,85,6.391173589,Good
204,36,67,77,7.152811172000001,Moderate
205,32,73,81,5.988992796000002,Moderate
206,58,70,84,6.231049027999999,Moderate
207,59,70,84,7.550808267000001,Moderate
208,42,62,75,7.010570541,Moderate
209,28,74,81,8.753795334,Poor
210,58,66,79,8.718192847000001,Poor
211,43,66,79,7.976607593,Moderate
212,58,63,81,6.515499548999999,Moderate
213,23,62,85,8.490127142,Moderate
214,27,62,77,6.576415562,Moderate
215,28,72,84,6.481783042999999,Moderate
216,50,56,76,7.966605025,Poor
217,39,71,84,8.140825437,Poor
218,25,78,76,7.228963452,Moderate
219,31,70,77,6.492546046,Moderate
220,26,80,83,7.528599957000001,Poor
221,25,68,77,7.701446446,Poor
222,31,78,76,8.519975748,Poor
223,60,68,83,6.620900869,Moderate
224,59,62,83,8.104396057999999,Poor
225,22,67,78,6.204090835,Moderate
226,36,65,80,6.051091339,Moderate
227,59,60,84,7.690962337999999,Poor
228,54,77,85,7.8292111439999985,Good
229,43,68,81,6.761599706,Moderate
230,28,76,82,6.654425315,Moderate
231,42,79,85,6.129533877,Good
232,32,60,83,8.829273328,Poor
233,22,78,76,8.621662982,Poor
234,31,79,75,8.204862075,Poor
235,28,58,81,6.18042747,Poor
236,57,58,77,7.978996755,Poor
237,49,55,78,7.863113671,Poor
238,46,76,77,6.967843048,Moderate
239,54,61,77,6.206582192999999,Moderate
240,38,60,76,8.868741443,Poor
241,59,55,79,8.766128654,Poor
242,36,76,75,8.736337905,Poor
243,57,68,81,8.081095263,Poor
244,35,66,81,6.138243973,Moderate
245,35,64,78,7.496645259,Moderate
246,52,60,79,8.380185271,Poor
247,27,76,83,6.289614016,Moderate
248,57,60,84,6.586777189,Moderate
249,52,68,78,6.89655198,Moderate
250,43,79,79,7.8067476560000015,Moderate
251,44,74,85,7.150681303,Good
252,24,55,78,6.64919573,Poor
253,29,77,75,7.778591617999999,Poor
254,20,60,78,6.358740355,Poor
255,56,67,78,8.255450758,Poor
256,37,66,85,6.456148474,Good
257,49,71,76,6.613072145,Moderate
258,59,69,80,8.165359297,Poor
259,20,79,77,7.64867466,Poor
260,24,56,85,6.545888558,Moderate
261,51,72,75,7.1042247970000005,Moderate
262,57,73,85,7.358099622,Good
263,22,64,82,6.4740245000000005,Moderate
264,52,73,79,7.840339388999999,Moderate
265,29,75,75,7.064790365,Moderate
266,44,59,78,7.599033472,Poor
267,41,69,82,6.715587232000001,Moderate
268,52,56,85,6.81712422,Good
269,34,76,80,7.985417393,Poor
270,42,74,83,7.545258424,Moderate
271,34,71,79,7.728998197,Poor
272,27,73,79,7.354973451,Moderate
273,30,70,79,7.313122235,Moderate
274,57,57,75,7.785039076,Poor
275,27,79,82,6.307004922999999,Moderate
276,32,71,85,6.4039823160000005,Good
277,31,76,82,7.599279991,Poor
278,33,75,84,7.217018459,Moderate
279,47,80,77,7.561108006,Moderate
280,54,62,80,7.489545074,Moderate
281,47,79,78,6.609696734,Moderate
282,35,57,83,7.476800943,Poor
283,53,73,77,7.325451279,Moderate
284,45,61,78,6.489389282,Moderate
285,37,78,79,7.786366322,Poor
286,30,75,81,6.4084378860000015,Moderate
287,37,55,82,8.423873703,Poor
288,53,65,76,8.719960893,Poor
289,22,60,85,7.811997977000001,Moderate
290,60,61,78,6.317153205,Moderate
291,42,67,77,7.114405288,Moderate
292,39,76,76,8.135900726000001,Poor
293,35,63,76,7.714153037999999,Poor
294,30,65,82,7.103798069,Moderate
295,57,56,78,8.861479668,Poor
296,48,65,78,7.861128148,Moderate
297,36,56,83,7.4526709,Poor
298,40,58,75,7.168096055,Moderate
299,49,69,82,7.26311855,Moderate
300,13,60,25,5.68597166,Poor
301,25,70,16,5.759237003,Moderate
302,31,55,22,5.873171894,Poor
303,40,64,16,5.926676985,Moderate
304,2,61,20,5.95561668,Moderate
305,26,65,22,5.9499490810000015,Moderate
306,17,57,21,5.789214288999999,Poor
307,26,80,18,5.581021521,Moderate
308,17,59,17,5.689858133,Poor
309,27,59,22,5.794158503999999,Poor
310,28,58,24,5.748190462999999,Poor
311,25,57,19,5.566522896,Poor
312,28,80,17,5.809419584,Moderate
313,25,60,22,5.887263027,Poor
314,12,78,23,5.99812453,Moderate
315,6,77,25,5.792744849,Moderate
316,22,79,17,5.912289889,Moderate
317,27,80,15,5.7883869510000014,Moderate
318,10,55,23,5.728233081,Poor
319,23,65,20,5.833940084,Moderate
320,19,78,16,5.967533236,Moderate
321,19,65,25,5.6250964460000015,Moderate
322,22,70,19,5.515615023,Moderate
323,37,64,22,5.954665349,Moderate
324,11,71,17,5.74644777,Moderate
325,18,79,20,5.877347515,Moderate
326,21,63,17,5.979973965,Moderate
327,24,80,22,5.635993966,Moderate
328,34,60,22,5.635231778,Poor
329,16,75,21,5.679224346,Moderate
330,17,77,23,5.670062975,Moderate
331,37,72,18,5.724242065,Moderate
332,40,73,20,5.811314232000001,Moderate
333,9,77,17,5.783425416,Moderate
334,1,62,23,5.607808432000001,Moderate
335,33,59,22,5.946999529,Poor
336,23,59,19,5.852046999,Poor
337,6,62,22,5.824090984,Moderate
338,25,63,20,5.502999119,Moderate
339,7,79,23,5.821649914,Moderate
340,8,72,17,5.711439256,Moderate
341,27,64,15,5.514927264,Moderate
342,28,66,23,5.99616119,Moderate
343,32,57,18,5.695422862999999,Poor
344,27,56,22,5.833010957999999,Poor
345,17,77,24,5.568456899,Moderate
346,0,65,15,5.645435626,Moderate
347,13,72,21,5.821194486,Moderate
348,34,60,23,5.659254981,Poor
349,9,80,19,5.945465949,Moderate
350,11,72,20,5.9511774520000005,Moderate
351,3,67,24,5.520880013999999,Moderate
352,35,69,23,5.578410206,Moderate
353,3,77,25,5.608165195,Moderate
354,23,62,19,5.609435127999999,Moderate
355,22,71,17,5.509295379,Moderate
356,31,79,25,5.902033406,Moderate
357,34,59,18,5.744117663,Poor
358,12,63,17,5.717143397,Moderate
359,27,56,20,5.542690119,Poor
360,7,63,24,5.858617867,Moderate
361,24,67,22,5.618844277000001,Moderate
362,11,71,24,5.6066203460000015,Moderate
363,37,74,15,5.582178402,Moderate
364,25,76,24,5.56503533,Moderate
365,34,66,17,5.889614577000001,Moderate
366,20,69,15,5.934136378,Moderate
367,37,65,16,5.683548308,Moderate
368,18,74,15,5.70836603,Moderate
369,4,67,25,5.948164454,Moderate
370,37,56,25,5.774755143999999,Poor
371,5,59,15,5.97229163,Poor
372,11,61,21,5.532100554,Moderate
373,22,80,20,5.669560726,Moderate
374,12,61,19,5.655726817000001,Moderate
375,5,74,21,5.591704013999999,Moderate
376,27,69,22,5.932323085,Moderate
377,31,75,18,5.824208308999999,Moderate
378,36,68,20,5.86442953,Moderate
379,5,65,16,5.866744372,Moderate
380,32,79,15,5.706198621,Moderate
381,11,78,22,5.940546818,Moderate
382,0,55,22,5.916779289,Poor
383,14,59,15,5.779090476,Poor
384,29,68,23,5.82738029,Moderate
385,32,68,19,5.514234138,Moderate
386,17,64,17,5.662699104,Moderate
387,13,69,19,5.86390397,Moderate
388,14,67,22,5.624690247999999,Moderate
389,9,69,20,5.591560999,Moderate
390,20,73,22,5.976312537999999,Moderate
391,40,78,20,5.669236258,Moderate
392,27,72,23,5.961934481,Moderate
393,14,67,15,5.690065688,Moderate
394,7,56,18,5.698371311,Poor
395,27,65,18,5.59503163,Moderate
396,30,63,16,5.5259045260000015,Moderate
397,37,70,25,5.819403771,Moderate
398,27,63,19,5.562201934,Moderate
399,22,60,24,5.630664753,Poor
400,3,72,24,6.03160778,Moderate
401,40,59,23,5.269084669,Poor
402,33,73,23,5.985792703,Moderate
403,27,57,24,6.09186275,Poor
404,10,79,18,5.624731337999999,Moderate
405,30,75,25,6.446091759,Moderate
406,40,70,20,5.623490042999999,Moderate
407,38,55,19,5.864623352000001,Poor
408,35,58,20,5.761702519,Poor
409,38,61,21,4.696518678,Poor
410,33,58,24,5.269504214,Poor
411,16,56,17,7.445444882999999,Poor
412,31,72,17,5.833031707999999,Moderate
413,16,80,20,7.3393209289999986,Moderate
414,27,72,17,6.347929353,Moderate
415,40,62,19,4.697750704,Poor
416,18,58,16,4.962661422,Poor
417,3,68,16,4.964887857,Poor
418,26,67,24,5.642813116,Moderate
419,16,70,20,5.6093956,Moderate
420,24,63,19,4.681576043,Poor
421,9,76,25,5.70951224,Moderate
422,16,55,19,6.413543781,Poor
423,28,75,21,6.007508163,Moderate
424,16,71,24,4.946369874,Poor
425,24,70,21,5.517208078,Moderate
426,38,72,21,5.902103172,Moderate
427,9,66,21,5.719889876,Moderate
428,34,56,17,4.548202098,Poor
429,1,76,19,6.6695294160000005,Moderate
430,6,69,19,4.7509292180000005,Poor
431,26,73,21,4.946263888,Poor
432,27,61,18,5.266227032,Poor
433,27,71,23,7.10959773,Moderate
434,36,61,21,5.617008201,Moderate
435,17,73,18,5.632353113,Moderate
436,26,72,22,4.674941549,Poor
437,17,64,16,7.161797643,Moderate
438,14,74,19,6.624966131,Moderate
439,39,60,15,5.004074623999999,Poor
440,6,66,15,6.3458060110000005,Moderate
441,8,59,18,6.216814453,Poor
442,2,67,18,5.921666758,Moderate
443,1,76,17,6.012719118,Moderate
444,16,73,19,4.684079249,Poor
445,23,75,25,7.077170002000001,Moderate
446,32,70,20,6.208843215,Moderate
447,28,59,22,7.05181629,Poor
448,5,62,23,4.722222454,Poor
449,36,67,25,6.418062652000001,Moderate
450,1,66,23,4.803564468,Poor
451,24,73,20,4.608695247,Poor
452,17,67,18,5.611510977000001,Moderate
453,5,55,18,7.322097972000001,Poor
454,5,56,24,5.023115055,Poor
455,37,77,17,5.617122801,Moderate
456,13,73,20,5.391560417999999,Poor
457,6,63,23,5.906596905,Moderate
458,16,77,22,6.574209678,Moderate
459,25,64,20,4.807776748999999,Poor
460,34,75,24,4.760038038999999,Poor
461,20,77,23,5.180271502,Poor
462,35,80,25,4.895927306,Poor
463,14,75,24,6.436160044,Moderate
464,36,80,21,7.066087261,Moderate
465,7,77,18,6.655918077999999,Moderate
466,29,78,25,5.982854522999999,Moderate
467,30,60,21,5.457871272999999,Poor
468,20,74,16,4.759490199,Poor
469,19,57,23,7.342409555,Poor
470,3,60,19,4.820788186000001,Poor
471,5,77,19,6.242052013,Moderate
472,5,68,20,5.001038726,Poor
473,37,73,21,5.560224582999999,Moderate
474,9,59,24,4.747352458,Poor
475,20,72,15,7.313517308,Moderate
476,31,56,23,5.661826398,Poor
477,0,70,21,4.672437054,Poor
478,21,74,15,6.471862118,Moderate
479,13,67,18,5.384762927000001,Poor
480,27,74,20,5.8598134160000015,Moderate
481,29,72,24,6.962386495,Moderate
482,5,68,20,6.12166671,Moderate
483,39,57,19,6.421748487,Poor
484,22,62,16,4.828936119,Poor
485,18,55,23,6.98571967,Poor
486,39,77,21,4.603563116,Poor
487,13,75,20,6.979540061,Moderate
488,27,71,24,7.064973419,Moderate
489,26,64,22,5.16516459,Poor
490,23,55,16,5.111488821,Poor
491,4,69,19,5.374358869,Poor
492,20,67,19,5.671419084,Moderate
493,7,74,17,5.667419697000001,Moderate
494,17,64,18,6.07938452,Moderate
495,35,71,17,6.931924962999999,Moderate
496,11,72,22,6.842744374,Moderate
497,20,60,22,6.876572502999999,Poor
498,10,71,18,6.151029296,Moderate
499,33,61,24,4.567446499,Poor
500,3,49,18,3.692863601,Poor
501,22,59,23,4.371745575,Poor
502,36,58,25,8.399135957999999,Poor
503,4,43,18,8.840656256,Poor
504,29,54,16,8.153022903,Poor
505,32,43,22,5.270749441,Poor
506,14,55,15,8.050304395,Poor
507,5,35,20,9.679240873,Poor
508,25,57,24,6.974978386,Poor
509,11,53,24,7.39389918,Poor
510,40,49,17,6.68727523,Moderate
511,38,56,25,7.88118645,Poor
512,27,43,23,5.875333778,Poor
513,24,38,22,8.202706015,Poor
514,23,45,21,8.985348193,Poor
515,29,57,20,5.87707519,Poor
516,31,35,23,7.707595055,Poor
517,0,55,25,4.524171562,Poor
518,7,45,22,9.926212291,Poor
519,17,58,25,6.455592696,Poor
520,11,44,17,8.016210782,Poor
521,22,49,22,3.71105919,Poor
522,9,51,19,5.49091063,Poor
523,28,48,15,9.254089438,Poor
524,26,50,19,6.005242945,Poor
525,36,56,20,7.437078236,Poor
526,8,60,18,3.808429173,Poor
527,24,37,21,5.818219385,Poor
528,22,43,24,4.52363558,Poor
529,36,43,24,3.510404312,Poor
530,22,44,24,6.030447288,Poor
531,17,43,22,5.498340807999999,Poor
532,8,45,15,4.61136408,Poor
533,7,56,23,5.545219232000001,Poor
534,36,57,16,8.292875733999999,Poor
535,11,45,19,3.828031463,Poor
536,6,36,22,8.869532817,Poor
537,17,57,20,3.793575185,Poor
538,4,47,20,4.193189124,Poor
539,9,49,16,7.661537347999999,Poor
540,25,51,24,9.392694614,Poor
541,36,44,21,4.516154055,Poor
542,21,38,20,5.794289715,Poor
543,37,57,20,7.354286985,Poor
544,32,48,18,5.993513566,Poor
545,29,44,20,8.620107545,Poor
546,25,51,18,9.45949344,Poor
547,10,44,24,8.0344125,Poor
548,23,35,18,5.414492777,Poor
549,9,60,23,6.2760043360000015,Poor
550,3,58,21,9.160691747,Poor
551,22,42,22,7.887658711,Poor
552,12,39,21,8.183844843,Poor
553,39,36,22,9.072011412,Poor
554,32,41,16,7.702287236,Poor
555,30,41,15,5.88509677,Poor
556,19,36,22,6.16496284,Poor
557,4,46,15,3.504752314,Poor
558,21,39,20,7.388007482999999,Poor
559,35,57,25,8.340398059,Poor
560,22,55,24,8.66077954,Poor
561,35,51,17,3.558822825,Poor
562,17,56,17,5.9565851,Poor
563,28,57,17,9.416003106,Poor
564,22,36,16,8.18422855,Poor
565,11,41,19,5.131779302,Poor
566,38,38,18,6.294130312999999,Poor
567,23,37,24,7.991902443,Poor
568,25,35,20,8.923095695,Poor
569,40,45,20,6.878498176,Moderate
570,23,58,19,5.243634848999999,Poor
571,2,56,23,7.550090941,Poor
572,3,56,17,8.709291687999999,Poor
573,26,51,25,7.792508067999999,Poor
574,39,42,20,8.055908857999999,Poor
575,27,59,20,4.397698806,Poor
576,24,45,19,5.9523849570000005,Poor
577,7,40,17,8.532078732999999,Poor
578,15,45,23,7.224193642,Poor
579,26,52,23,4.931890506,Poor
580,20,45,16,4.626212446,Poor
581,34,54,24,5.026003659,Poor
582,19,51,25,3.5253661,Poor
583,29,41,21,8.86979671,Poor
584,20,50,22,9.406887533,Poor
585,11,40,23,5.80428611,Poor
586,15,54,15,8.35495812,Poor
587,35,55,22,8.634929739,Poor
588,9,59,25,7.699200949,Poor
589,40,45,18,5.261285926,Poor
590,35,38,19,9.112771682,Poor
591,14,58,17,4.605700542,Poor
592,40,55,18,7.115994051,Moderate
593,18,36,23,7.214078621,Poor
594,35,52,15,9.93509073,Poor
595,4,59,22,8.914074888,Poor
596,22,51,16,8.639586199,Poor
597,33,47,17,8.621514073,Poor
598,2,51,17,5.838508699,Poor
599,16,51,21,3.532008668,Poor
600,19,55,20,7.18530147,Poor
601,8,54,20,7.034214276,Poor
602,36,55,20,6.635968697999999,Poor
603,10,56,16,6.828187498999998,Poor
604,22,56,17,6.89077995,Poor
605,9,57,24,7.165121108999998,Poor
606,34,59,23,6.935804256,Poor
607,31,51,25,7.196774236,Poor
608,0,49,18,6.990095452,Poor
609,21,39,20,7.064782137999999,Poor
610,28,35,22,7.156563094,Poor
611,17,52,17,6.364967184,Poor
612,24,42,23,6.428054409,Poor
613,28,46,16,6.664187809,Poor
614,21,38,21,6.637677489,Poor
615,34,60,25,6.79385576,Poor
616,19,53,22,6.852884642999999,Poor
617,31,58,15,7.121571293,Poor
618,19,35,24,6.883308033,Poor
619,24,53,17,6.421271178,Poor
620,13,47,20,6.54450214,Poor
621,31,53,16,6.452006451,Poor
622,28,45,23,6.489259136,Poor
623,31,37,21,6.713410626,Poor
624,33,60,15,6.510840928,Poor
625,34,45,21,6.2873801170000005,Poor
626,13,57,25,6.86308576,Poor
627,33,57,17,6.78415271,Poor
628,32,57,22,6.769415887999999,Poor
629,23,59,25,6.320768488,Poor
630,35,41,18,6.705008503999999,Poor
631,6,48,24,6.790736339,Poor
632,29,36,25,7.130278657000001,Poor
633,4,36,22,7.012740397000001,Poor
634,10,59,22,7.1556850160000005,Poor
635,14,48,21,6.991242362,Poor
636,8,50,21,6.218923893,Poor
637,20,40,15,7.199495367999999,Poor
638,36,43,22,6.3898821660000005,Poor
639,14,57,15,6.623438282,Poor
640,11,60,23,7.033012777000001,Poor
641,10,59,15,6.32400451,Poor
642,7,60,25,6.397636709,Poor
643,2,47,15,6.401455706,Poor
644,20,45,22,6.904587016,Poor
645,2,39,15,6.478557136,Poor
646,27,40,24,7.063022095,Poor
647,35,48,15,6.981758362000001,Poor
648,4,59,25,6.227134139,Poor
649,1,48,24,6.232836962,Poor
650,36,43,21,7.140437859,Poor
651,11,46,24,6.459252023,Poor
652,34,47,19,6.568795403999999,Poor
653,21,44,18,7.12851089,Poor
654,17,58,20,6.42937879,Poor
655,25,40,21,6.248900919,Poor
656,2,38,18,6.619891497999999,Poor
657,9,48,20,6.377568542000001,Poor
658,37,49,25,6.415459592,Poor
659,36,38,15,6.3206620120000006,Poor
660,40,58,15,6.978400282000001,Moderate
661,30,44,16,6.442335592999999,Poor
662,1,59,23,7.184398832,Poor
663,9,48,22,6.402926221,Poor
664,14,41,17,7.085982325,Poor
665,35,52,19,6.698574085,Poor
666,31,48,17,6.594739424,Poor
667,4,41,20,6.647965508,Poor
668,30,37,25,7.120032489,Poor
669,9,35,20,6.91380932,Poor
670,20,41,20,7.073048264,Poor
671,37,50,23,6.5304707,Poor
672,34,35,21,6.684381357,Poor
673,14,37,15,6.581351374,Poor
674,23,39,22,6.86483915,Poor
675,5,45,21,6.487124217000001,Poor
676,22,37,20,6.605733067999999,Poor
677,40,51,17,6.860602782000001,Moderate
678,27,56,20,6.41874299,Poor
679,31,40,22,6.365513634,Poor
680,38,36,21,6.5563729660000005,Poor
681,6,37,17,6.760694227999999,Poor
682,6,47,18,6.715276662999999,Poor
683,24,44,17,6.666380512000001,Poor
684,25,59,19,6.626629798,Poor
685,32,56,21,6.702772465,Poor
686,8,45,18,7.011030515,Poor
687,19,39,17,6.890156495,Poor
688,39,37,15,6.821747052,Poor
689,33,37,19,7.183189922,Poor
690,26,54,17,6.27258822,Poor
691,21,51,15,6.679127482,Poor
692,22,54,20,6.689825155,Poor
693,29,45,16,6.583381939,Poor
694,4,40,21,6.725551062,Poor
695,10,37,22,7.069747813999999,Poor
696,4,44,19,6.921993877999999,Poor
697,20,45,17,6.770955317,Poor
698,23,45,23,6.983130466,Poor
699,25,48,21,6.267684328,Poor
700,56,79,15,7.454532137,Moderate
701,25,62,21,7.040056094,Moderate
702,42,61,22,7.418650668,Moderate
703,42,73,25,6.501869314,Moderate
704,44,58,18,6.814410927999999,Moderate
705,50,55,16,7.581442888,Poor
706,35,72,21,7.741418772,Poor
707,30,64,20,6.573531614,Moderate
708,27,64,21,7.543804222999999,Poor
709,50,74,17,6.5408208,Moderate
710,39,73,24,7.22405917,Moderate
711,57,67,25,7.551364319,Moderate
712,52,63,19,6.928898659,Moderate
713,55,66,22,7.747775262999999,Moderate
714,51,56,18,6.706505915,Moderate
715,36,66,15,6.668238556,Moderate
716,59,55,19,7.332375138,Moderate
717,50,58,23,7.596802025,Poor
718,30,65,25,7.70650895,Poor
719,20,62,18,7.366542647,Moderate
720,58,71,15,6.919243702,Moderate
721,25,71,24,7.187721817999999,Moderate
722,52,71,16,7.0758864720000005,Moderate
723,40,63,18,6.74441168,Moderate
724,20,60,25,6.726469087999999,Poor
725,48,61,21,6.628264883,Moderate
726,49,68,22,7.127064207,Moderate
727,48,62,15,7.538631462000001,Moderate
728,32,66,17,7.162357641,Moderate
729,21,63,22,6.859409487000001,Moderate
730,20,72,19,7.397190844,Moderate
731,25,65,21,6.880245789,Moderate
732,41,78,21,6.581313137,Moderate
733,53,67,17,7.296972161,Moderate
734,39,60,21,6.97297656,Poor
735,25,76,17,7.241148507,Moderate
736,21,78,19,6.92009048,Moderate
737,57,60,17,7.504608385,Poor
738,56,75,15,7.152272256,Moderate
739,49,72,15,7.137004749,Moderate
740,24,80,19,6.8080417220000005,Moderate
741,49,76,18,7.393631868,Moderate
742,28,68,19,7.69950698,Poor
743,55,78,21,6.602888248999999,Moderate
744,50,64,25,6.734447425,Moderate
745,34,80,19,6.521217963,Moderate
746,20,68,23,7.707332484,Poor
747,55,67,16,6.596719015,Moderate
748,23,70,15,7.403623355,Moderate
749,53,74,15,7.517097,Moderate
750,26,67,16,7.17620823,Moderate
751,33,80,22,6.593961761,Moderate
752,37,79,19,7.143942758,Moderate
753,33,75,21,6.690655045,Moderate
754,22,55,20,7.423530351,Poor
755,20,68,17,6.578714842999999,Moderate
756,43,68,20,7.497469256,Moderate
757,44,76,22,7.775306272000001,Moderate
758,34,60,16,7.322555222999999,Poor
759,21,72,17,7.580527339,Poor
760,25,68,19,7.1084501210000015,Moderate
761,41,62,15,7.358974541,Moderate
762,28,65,23,7.405176138,Moderate
763,35,64,15,6.500144962,Moderate
764,52,58,16,7.167435834,Moderate
765,58,75,25,7.261791753,Moderate
766,34,66,19,7.586642101,Poor
767,52,70,16,7.534811832999999,Moderate
768,23,57,19,7.251000789,Poor
769,42,58,25,6.513620917999999,Moderate
770,37,62,17,7.121254928,Moderate
771,44,75,22,7.574561547,Moderate
772,21,80,20,7.350869792,Moderate
773,56,76,16,7.5131510760000015,Moderate
774,29,76,15,7.0256077060000015,Moderate
775,43,61,20,6.804253866,Moderate
776,55,60,15,7.163043872,Moderate
777,44,63,15,7.338929556,Moderate
778,29,67,21,6.621323612,Moderate
779,47,63,16,6.661870999,Moderate
780,40,68,17,7.733149554,Moderate
781,58,61,15,7.402891666,Moderate
782,41,74,18,6.599147297999999,Moderate
783,58,79,17,7.04174124,Moderate
784,27,62,24,7.353876754,Moderate
785,27,60,17,7.026795358999999,Poor
786,52,65,20,6.814301033,Moderate
787,44,55,25,7.42160832,Moderate
788,21,62,24,6.8473828910000005,Moderate
789,60,59,22,7.191522601,Moderate
790,33,77,21,7.01285529,Moderate
791,59,58,17,7.368318809,Moderate
792,29,63,17,7.26154329,Moderate
793,59,63,18,6.52669158,Moderate
794,29,70,15,6.872594461,Moderate
795,58,73,16,6.874142175,Moderate
796,55,77,22,7.76061831,Moderate
797,42,79,23,6.781841984,Moderate
798,44,77,21,7.326980454,Moderate
799,38,62,25,7.453975408,Moderate
800,32,76,15,7.604110177000001,Poor
801,13,61,22,7.728832424,Poor
802,38,60,20,7.491217102,Poor
803,11,74,17,6.633864582,Moderate
804,37,71,16,7.324863481,Moderate
805,29,71,18,6.410441476,Moderate
806,2,72,18,7.836719564,Poor
807,6,59,21,6.139215944,Poor
808,13,64,20,6.590571088,Moderate
809,8,58,17,7.286049977999999,Poor
810,6,77,20,6.058306161,Moderate
811,2,75,22,6.658605362,Moderate
812,3,69,23,7.299360767,Moderate
813,27,80,24,7.815210661,Poor
814,39,78,15,5.925391795,Moderate
815,40,79,17,6.403683619,Moderate
816,37,62,22,7.397546271,Moderate
817,31,60,24,7.722335992,Poor
818,22,67,22,7.475926645,Moderate
819,3,78,18,6.887130053,Moderate
820,4,80,16,7.441976825,Moderate
821,13,61,24,7.629910252999999,Poor
822,12,66,20,7.336117221,Moderate
823,4,61,21,6.75020529,Moderate
824,9,60,21,7.52178027,Poor
825,18,66,22,6.347379185,Moderate
826,32,56,18,7.135251532000001,Poor
827,6,72,15,7.670178119,Poor
828,15,77,20,7.399749291,Moderate
829,0,65,24,7.841496029,Poor
830,30,79,22,6.254216611,Moderate
831,3,63,16,6.868881707999999,Moderate
832,2,78,23,7.320514721,Moderate
833,10,78,18,6.296976913,Moderate
834,14,67,25,7.241151936,Moderate
835,39,65,23,7.685959305,Poor
836,19,72,15,6.890760124,Moderate
837,18,57,21,6.155915975,Poor
838,31,58,15,6.167855382000001,Poor
839,28,58,25,6.861640036,Poor
840,5,65,19,6.978361689,Moderate
841,16,65,19,7.043160241,Moderate
842,34,65,19,5.94239222,Moderate
843,14,69,19,7.239455147,Moderate
844,22,55,16,6.516317561,Poor
845,24,61,17,6.233269045,Moderate
846,2,79,15,7.505283615,Poor
847,26,63,17,6.950300686,Moderate
848,27,61,15,6.958054839,Moderate
849,24,70,16,6.54803469,Moderate
850,13,74,25,6.461618577,Moderate
851,6,64,23,7.065264073,Moderate
852,12,58,23,6.765091462000001,Poor
853,32,79,22,5.91645379,Moderate
854,6,68,18,6.711341147000001,Moderate
855,10,79,20,6.379881442,Moderate
856,38,77,22,6.313284267999999,Moderate
857,17,74,17,7.393210848,Moderate
858,26,68,24,7.504930973,Poor
859,23,75,17,7.198076286,Moderate
860,32,78,22,7.007037515,Moderate
861,19,79,19,6.677262562,Moderate
862,22,60,18,6.74398035,Poor
863,28,69,16,6.547361617999999,Moderate
864,1,67,21,6.551577598,Moderate
865,12,67,23,6.585020302999999,Moderate
866,36,67,20,6.924042372000001,Moderate
867,28,70,21,7.437373666,Moderate
868,12,71,19,7.142611056000002,Moderate
869,22,68,16,7.74672376,Poor
870,26,66,22,6.300479414,Moderate
871,16,65,16,6.078724107,Moderate
872,14,59,22,6.76660668,Poor
873,33,59,19,7.641024177,Poor
874,21,63,17,6.559681838,Moderate
875,0,69,21,7.072923306,Moderate
876,10,75,17,7.732194787999999,Poor
877,30,61,18,6.157782589,Moderate
878,0,74,17,7.240988401,Moderate
879,35,74,22,6.898905799,Moderate
880,7,63,24,6.818681086000002,Moderate
881,9,56,17,6.261937875,Poor
882,14,74,15,6.493036868,Moderate
883,14,76,20,7.042474679,Moderate
884,36,65,16,7.692013657,Poor
885,28,67,21,6.250994222999999,Moderate
886,28,79,16,6.0521848810000005,Moderate
887,40,61,22,7.002216044,Moderate
888,10,70,19,7.272427638,Moderate
889,12,80,19,5.962001484,Moderate
890,37,77,20,7.080506001,Moderate
891,0,67,22,6.5937983870000005,Moderate
892,7,73,25,7.28805662,Moderate
893,10,56,18,7.32710972,Poor
894,39,70,15,6.366355781,Moderate
895,26,56,22,7.011121216,Poor
896,9,77,17,6.280725549,Moderate
897,4,59,19,7.621494566,Poor
898,34,73,15,7.630424082999999,Poor
899,33,77,15,7.802212437,Poor
900,2,24,38,5.922935513,Poor
901,6,18,37,5.937649577999999,Poor
902,8,26,36,6.804781106,Moderate
903,37,18,39,6.424670614,Poor
904,0,27,38,6.7380162210000005,Moderate
905,31,25,38,6.4973666770000005,Moderate
906,21,21,38,6.327673765,Poor
907,6,30,40,6.36137446,Poor
908,25,27,41,6.9235093710000015,Moderate
909,15,11,38,6.630646082999999,Poor
910,14,5,36,5.832525853,Poor
911,16,10,41,6.738993954,Poor
912,36,7,37,5.782435567,Poor
913,4,20,41,6.537042717,Poor
914,29,22,40,6.145104401,Poor
915,16,15,42,6.890784045,Poor
916,18,27,41,7.175344328,Moderate
917,11,18,42,5.938528744,Poor
918,5,15,38,5.709380472,Poor
919,18,23,44,6.184400085,Poor
920,9,8,40,6.553509673,Poor
921,40,27,45,5.885638185,Moderate
922,22,23,44,6.1438746910000015,Poor
923,9,16,39,6.101198974,Poor
924,12,29,40,6.594037135,Moderate
925,0,17,42,6.8598408210000015,Poor
926,2,21,44,6.56893406,Poor
927,28,6,40,6.769855664,Poor
928,8,23,44,7.130837931,Poor
929,29,16,36,5.7403380020000006,Poor
930,17,18,43,5.843005428,Poor
931,34,21,42,6.648687273999999,Poor
932,21,23,42,6.902751061,Poor
933,25,17,40,6.608023872,Poor
934,8,25,36,6.828522375,Moderate
935,26,18,42,6.910374919,Poor
936,4,19,42,6.306605528,Poor
937,36,24,41,7.009180374,Poor
938,5,24,40,6.297907578999999,Poor
939,19,17,39,6.728599215,Poor
940,39,30,38,6.965156737999999,Poor
941,5,29,44,5.578095745,Moderate
942,4,24,43,7.199504273,Poor
943,38,21,35,5.841367187,Poor
944,37,11,36,6.710143266,Poor
945,9,25,41,5.972714857000001,Moderate
946,29,22,43,5.561851831,Poor
947,5,21,38,6.107054807999999,Poor
948,22,26,38,6.988035315,Moderate
949,4,18,37,7.13147457,Poor
950,21,6,41,7.086947687,Poor
951,29,21,45,6.749260456,Poor
952,23,5,44,7.16300467,Poor
953,13,7,43,7.013481515,Poor
954,5,13,37,5.648243648999999,Poor
955,27,24,41,6.610251186,Poor
956,7,23,35,7.054313822999999,Poor
957,12,20,39,6.026999326,Poor
958,4,19,43,5.7794274020000005,Poor
959,3,9,45,6.535244251,Poor
960,1,27,36,5.684995235,Moderate
961,23,30,44,6.12476108,Poor
962,24,21,42,6.999014379,Poor
963,13,30,37,6.277148771,Poor
964,40,11,44,6.322396027000001,Poor
965,21,9,40,5.956401828,Poor
966,3,27,44,6.591302797000001,Moderate
967,40,29,42,7.104094929,Moderate
968,14,25,40,6.407872061,Moderate
969,38,14,37,6.658402594,Poor
970,34,9,36,6.276038961,Poor
971,32,14,37,6.825256236,Poor
972,18,21,35,6.368560522,Poor
973,8,23,38,7.005410734,Poor
974,15,6,41,6.8973684770000006,Poor
975,0,5,36,6.152906502,Poor
976,22,9,44,5.744361602000001,Poor
977,14,8,43,7.051654924,Poor
978,31,11,45,6.034612928,Poor
979,39,17,45,6.9244907310000015,Poor
980,10,5,42,6.887005997,Poor
981,8,28,38,6.8444019,Moderate
982,32,13,42,5.786058032000001,Poor
983,18,9,40,5.627186257000001,Poor
984,20,27,41,5.700088663,Moderate
985,39,25,36,5.567805185,Moderate
986,20,7,45,6.077886012,Poor
987,11,10,45,6.397995609,Poor
988,40,18,43,5.767372539,Poor
989,3,26,39,7.079973241,Moderate
990,9,16,36,5.893332377999999,Poor
991,30,20,38,7.058222596,Poor
992,40,9,41,5.78270695,Poor
993,40,30,35,6.269663962999999,Moderate
994,32,25,35,5.892913826,Moderate
995,33,23,45,7.116538883,Poor
996,4,14,41,6.430163481,Poor
997,13,17,45,7.159520979,Poor
998,39,24,39,6.431265737,Poor
999,8,28,37,6.082571701,Moderate
1000,91,94,46,6.149934034,Good
1001,105,95,50,5.849076099,Good
1002,108,92,53,6.276800323,Good
1003,86,76,54,5.926824754,Good
1004,80,77,49,5.519088423,Good
1005,93,94,53,6.079178787999999,Good
1006,90,92,55,6.13465588,Good
1007,108,89,53,5.808497603999999,Good
1008,108,88,55,5.891458107,Good
1009,105,77,52,5.816622478999999,Good
1010,118,88,52,5.8431631610000005,Good
1011,101,87,54,6.376756632999999,Good
1012,95,75,50,5.623615687000001,Good
1013,106,85,53,5.91505509,Good
1014,86,95,49,6.458714879,Good
1015,83,79,55,5.565028635,Good
1016,85,95,47,6.211833161,Good
1017,109,79,45,6.490074429,Good
1018,100,76,45,5.590236025,Good
1019,117,86,48,6.225225238999999,Good
1020,114,94,53,6.190757458999999,Good
1021,110,78,50,5.915568968,Good
1022,94,70,48,6.195152442,Good
1023,80,71,47,6.156373499,Good
1024,114,79,51,6.313197204,Good
1025,88,78,45,6.324270089,Good
1026,112,73,48,5.7074889870000005,Good
1027,117,76,47,6.119216009,Good
1028,111,87,48,5.571401169,Good
1029,89,83,47,5.63127166,Good
1030,93,91,47,6.101241579,Good
1031,92,81,52,6.438137278999998,Good
1032,105,74,45,6.098369122,Good
1033,102,71,48,5.695267822000001,Good
1034,94,91,51,5.6180944460000015,Good
1035,116,71,47,6.435785799,Good
1036,117,79,49,6.176644228,Good
1037,119,72,55,6.220643671,Good
1038,99,73,53,5.8717022110000014,Good
1039,91,84,52,6.390741836,Good
1040,80,90,47,6.21084479,Good
1041,101,70,48,6.012696655,Good
1042,108,89,53,5.908770059,Good
1043,100,80,52,6.049801781,Good
1044,109,91,53,6.010095852999999,Good
1045,82,78,46,5.738678895,Good
1046,106,70,55,5.74055541,Good
1047,90,86,52,5.793260262,Good
1048,83,95,50,5.50947065,Good
1049,119,90,48,5.986442306,Good
1050,107,72,45,5.790768046,Good
1051,116,81,55,5.915546415,Good
1052,101,75,50,6.242528277999999,Good
1053,93,81,50,6.0360792660000016,Good
1054,95,75,45,5.829898502000001,Good
1055,107,71,55,6.088064451,Good
1056,83,94,47,6.469370954,Good
1057,102,73,54,5.720726906,Good
1058,86,79,45,5.80766417,Good
1059,117,86,53,5.703381727999999,Good
1060,111,79,53,6.165001277999999,Good
1061,95,74,50,6.002481605,Good
1062,91,75,55,6.212369363,Good
1063,93,83,46,5.765308943,Good
1064,92,85,51,5.740764682000001,Good
1065,104,80,54,5.879119455,Good
1066,103,72,51,6.099478745,Good
1067,92,75,45,5.674403358999999,Good
1068,93,85,49,5.694243847,Good
1069,120,87,52,5.905494703,Good
1070,108,72,46,6.110844721,Good
1071,105,88,54,6.020445317,Good
1072,98,79,50,6.435917308,Good
1073,111,88,55,5.505393832999999,Good
1074,97,74,45,5.677719902000001,Good
1075,95,82,48,5.719014989,Good
1076,89,91,55,6.275572297999999,Good
1077,89,85,55,6.275384607,Good
1078,118,88,51,6.201911642000001,Good
1079,101,92,45,5.758054257,Good
1080,99,92,47,6.3239336470000005,Good
1081,82,77,46,5.901100841,Good
1082,90,86,55,5.644486582000001,Good
1083,95,88,52,6.235461772000001,Good
1084,104,73,46,6.28236237,Good
1085,102,73,52,6.356090905,Good
1086,100,74,52,5.837258235,Good
1087,94,89,48,5.653437902,Good
1088,99,70,46,5.727469947,Good
1089,112,87,48,6.200111067999999,Good
1090,117,82,45,5.614471478,Good
1091,96,86,51,6.257369799,Good
1092,113,85,45,6.037430836,Good
1093,105,93,46,5.760457558,Good
1094,85,89,51,6.1581644220000005,Good
1095,108,94,47,6.387431382999999,Good
1096,92,81,52,5.891413895,Good
1097,110,71,54,5.725418961,Good
1098,82,75,55,6.281069505,Good
1099,117,81,53,5.507641777999999,Good
1100,2,40,27,5.954626604,Poor
1101,39,24,31,4.757114897,Poor
1102,21,26,27,5.6995869720000005,Moderate
1103,25,22,25,5.977413802999999,Poor
1104,0,21,32,6.430139436,Poor
1105,20,19,35,6.113935087000001,Poor
1106,19,21,34,5.074272692,Poor
1107,18,17,31,5.667507706,Poor
1108,11,36,33,5.978634285,Poor
1109,30,28,30,5.064613314,Poor
1110,18,19,27,4.772385986000001,Poor
1111,23,23,27,5.161148592,Poor
1112,37,30,34,6.797779227,Poor
1113,11,27,30,6.39474303,Moderate
1114,12,19,31,5.566704378,Poor
1115,3,28,33,5.755049971,Moderate
1116,37,38,32,5.417340525,Poor
1117,26,37,30,6.166173833999999,Poor
1118,14,18,30,5.191265116,Poor
1119,40,16,35,4.954739564,Poor
1120,4,20,25,5.664587011,Poor
1121,36,25,33,5.548584852,Moderate
1122,30,17,31,6.804437106,Poor
1123,28,37,28,6.097869767000001,Poor
1124,38,15,30,5.075504537,Poor
1125,12,37,30,4.546466109,Poor
1126,38,19,31,5.855119267999999,Poor
1127,8,33,29,6.442393461,Poor
1128,15,27,28,4.507523551,Poor
1129,34,16,25,6.10729559,Poor
1130,11,36,31,6.47544932,Poor
1131,33,29,34,6.832979508999999,Moderate
1132,12,31,26,5.395275719,Poor
1133,12,34,28,6.13526938,Poor
1134,5,16,31,4.555688532,Poor
1135,1,30,29,6.4341977560000005,Poor
1136,16,35,31,5.316875978000001,Poor
1137,35,18,26,5.279388967,Poor
1138,4,40,26,6.720041791,Poor
1139,9,29,34,5.72742254,Moderate
1140,2,38,33,4.691396195,Poor
1141,26,32,32,6.810186079,Poor
1142,34,38,31,6.454045329,Poor
1143,5,32,33,5.842763773,Poor
1144,31,29,26,5.024124683999999,Poor
1145,34,34,35,6.422710539,Poor
1146,36,19,32,4.94295037,Poor
1147,7,17,26,6.414526606,Poor
1148,38,15,27,6.777788126,Poor
1149,5,19,25,6.441328044,Poor
1150,37,36,26,4.650536197,Poor
1151,21,31,32,5.254532213,Poor
1152,37,36,27,5.910634533,Poor
1153,23,23,30,4.755273631000001,Poor
1154,36,26,26,6.814630246,Moderate
1155,24,33,35,5.342866119,Poor
1156,26,18,30,6.336234623999999,Poor
1157,22,17,26,4.754435025,Poor
1158,11,34,32,6.831706773,Poor
1159,29,35,28,6.9674177660000005,Poor
1160,22,28,26,4.947683034,Poor
1161,23,24,32,5.630619901,Poor
1162,1,35,34,6.27339822,Poor
1163,2,24,34,6.472774648,Poor
1164,39,37,25,6.953246506,Poor
1165,15,36,27,5.6437102160000014,Poor
1166,3,18,31,6.392313972999999,Poor
1167,8,38,32,4.981816523,Poor
1168,33,31,34,5.421265282999999,Poor
1169,14,29,32,6.942520105,Moderate
1170,18,20,26,5.435840509,Poor
1171,9,21,32,5.870116071,Poor
1172,20,30,27,4.74910393,Poor
1173,9,38,25,5.497946899,Poor
1174,26,24,34,6.811291098,Poor
1175,31,36,29,6.460542749,Poor
1176,14,18,35,4.791146778,Poor
1177,40,16,35,6.4841522000000005,Poor
1178,28,27,34,6.526654345,Moderate
1179,0,17,30,6.279133738,Poor
1180,1,29,29,6.052026047000001,Moderate
1181,2,36,31,5.73171945,Poor
1182,12,27,26,5.32307197,Poor
1183,7,28,35,4.66910839,Poor
1184,0,36,26,5.101206389,Poor
1185,26,35,31,5.339556562,Poor
1186,27,21,30,5.061081874,Poor
1187,22,38,31,5.8211060360000015,Poor
1188,22,18,31,5.956027059,Poor
1189,28,23,28,5.676032581,Poor
1190,7,31,27,6.524114355,Poor
1191,29,34,26,6.2739536760000005,Poor
1192,8,37,33,6.128167757000001,Poor
1193,39,16,27,4.934964765,Poor
1194,40,24,25,5.445008416,Poor
1195,19,38,26,4.525722333,Poor
1196,21,21,30,5.403908327999999,Poor
1197,22,18,33,6.621623545,Poor
1198,31,20,30,6.207495815,Poor
1199,18,26,31,5.418475257000001,Poor
1200,24,130,195,6.112305667,Good
1201,13,144,204,6.092241627000001,Good
1202,22,123,205,5.896343436,Good
1203,36,125,196,6.15526103,Good
1204,24,131,196,5.732453638,Good
1205,2,123,198,6.253034534,Good
1206,35,140,197,6.106190557000001,Good
1207,11,122,195,5.647202395,Good
1208,6,123,203,6.130310493,Good
1209,17,134,204,6.499604931,Good
1210,25,130,197,5.554831977,Good
1211,27,145,205,5.800242694,Good
1212,9,122,201,5.570290539,Good
1213,16,139,203,6.27564088,Good
1214,32,141,204,5.536645599,Good
1215,22,138,195,6.208196881,Good
1216,31,144,202,5.870600622,Good
1217,3,136,205,6.334771461,Good
1218,28,122,197,5.856575335,Good
1219,4,136,204,5.898944282,Good
1220,39,145,201,5.775600435,Good
1221,38,132,197,5.931101816,Good
1222,36,133,198,6.2286454,Good
1223,25,121,201,5.594240602999999,Good
1224,15,125,199,5.569230319,Good
1225,24,140,205,5.93202852,Good
1226,13,132,203,6.423216506,Good
1227,5,126,197,6.417500829,Good
1228,30,120,200,6.234904253,Good
1229,23,142,197,6.000573725,Good
1230,26,135,203,5.6851027689999984,Good
1231,7,126,203,5.662140095,Good
1232,32,139,198,6.358186848,Good
1233,9,141,202,6.119495295,Good
1234,20,142,196,6.207600782999999,Good
1235,32,129,201,6.48754639,Good
1236,3,134,199,5.81717753,Good
1237,38,138,204,6.325480034,Good
1238,14,131,198,5.562790949,Good
1239,20,122,204,6.487369687,Good
1240,40,126,201,6.116982944,Good
1241,36,128,204,5.695792761,Good
1242,11,132,197,5.7343170070000005,Good
1243,0,137,195,6.329499832000001,Good
1244,19,123,200,6.167013532,Good
1245,31,136,197,5.653776057999999,Good
1246,4,134,200,5.840256272,Good
1247,39,139,201,5.5399808120000005,Good
1248,8,127,196,5.833302165,Good
1249,39,138,203,6.399433771,Good
1250,32,120,204,6.138958698,Good
1251,12,142,203,5.972850837999999,Good
1252,8,133,195,6.456079585,Good
1253,8,139,199,6.3364266670000005,Good
1254,21,134,202,6.425419926,Good
1255,40,140,195,6.2943956760000015,Good
1256,39,127,202,6.477768039,Good
1257,19,120,195,5.931538447,Good
1258,21,139,201,5.980598579,Good
1259,17,136,195,6.389783283,Good
1260,33,139,203,5.693287415,Good
1261,22,133,201,6.00299607,Good
1262,32,130,196,6.372959542,Good
1263,37,135,205,5.510924848999999,Good
1264,15,140,195,5.69945282,Good
1265,39,132,196,5.778594403,Good
1266,40,121,199,6.315586313,Good
1267,40,132,202,5.9718130060000005,Good
1268,29,142,203,5.891195653,Good
1269,32,121,199,6.129812716,Good
1270,6,140,205,6.313085601,Good
1271,8,120,196,6.053662544,Good
1272,34,133,202,5.804799142,Good
1273,35,135,199,6.400719746,Good
1274,16,145,199,5.953966361,Good
1275,8,136,201,5.6092559920000005,Good
1276,25,129,195,5.777271492000001,Good
1277,16,130,201,5.682395429,Good
1278,39,129,203,5.863996687,Good
1279,38,135,203,6.444373116,Good
1280,33,120,205,5.550832177999999,Good
1281,35,125,204,6.107741787999999,Good
1282,1,132,200,5.620745638,Good
1283,39,140,203,6.349875906,Good
1284,28,145,202,6.484323189,Good
1285,6,128,200,5.838748311,Good
1286,6,139,199,6.29099842,Good
1287,29,122,196,5.638328481,Good
1288,37,144,197,6.415555956,Good
1289,38,120,197,6.323722572,Good
1290,38,141,198,5.757009965,Good
1291,14,121,203,6.1586894060000015,Good
1292,6,125,204,5.7335398070000005,Good
1293,32,138,197,5.908724337000001,Good
1294,11,124,204,6.361141107000001,Good
1295,23,138,200,5.96537863,Good
1296,40,143,201,6.476757723,Good
1297,6,142,202,6.224542938,Good
1298,37,124,195,6.209928251,Good
1299,35,134,204,5.841138354,Good
1300,119,25,51,6.283818329,Good
1301,119,19,55,6.818261382999999,Moderate
1302,105,30,50,6.37620108,Moderate
1303,114,8,50,6.581587932000001,Moderate
1304,93,22,52,6.932739726,Moderate
1305,80,26,55,6.140099215,Good
1306,85,27,45,6.467095849,Good
1307,85,22,53,6.849471704,Moderate
1308,82,22,45,6.512196212,Moderate
1309,118,13,54,6.039584629,Moderate
1310,83,25,53,6.057697106,Good
1311,86,15,47,6.423898762,Moderate
1312,101,10,47,6.936997681,Moderate
1313,119,9,50,6.251286661,Moderate
1314,104,17,46,6.190015912000001,Moderate
1315,95,12,51,6.681606702000001,Moderate
1316,102,14,52,6.51075991,Moderate
1317,109,21,55,6.770278088,Moderate
1318,81,18,50,6.429788072999999,Moderate
1319,103,17,51,6.209888345,Moderate
1320,105,14,50,6.419052193,Moderate
1321,97,8,52,6.237861736,Moderate
1322,120,19,49,6.762471628999998,Moderate
1323,95,16,55,6.612847999,Moderate
1324,83,29,52,6.704688865,Good
1325,83,9,45,6.049609892,Moderate
1326,91,21,50,6.762030215,Moderate
1327,116,5,54,6.65398725,Moderate
1328,112,28,54,6.738030547,Good
1329,88,29,51,6.095689937,Good
1330,118,15,45,6.538006356,Moderate
1331,92,21,48,6.377427122,Moderate
1332,106,14,45,6.417011754,Moderate
1333,99,5,47,6.649086972,Moderate
1334,98,8,51,6.25933595,Moderate
1335,108,22,46,6.121168559,Moderate
1336,119,7,55,6.031424482,Moderate
1337,117,27,48,6.835268183999999,Good
1338,109,10,53,6.5517503060000015,Moderate
1339,80,16,46,6.940236218,Moderate
1340,100,18,52,6.87606733,Moderate
1341,91,7,53,6.457216535,Moderate
1342,86,6,53,6.921847887999999,Moderate
1343,107,5,52,6.8814257460000015,Moderate
1344,103,16,49,6.915717008,Moderate
1345,101,20,48,6.206247493999999,Moderate
1346,85,25,47,6.29542477,Good
1347,84,7,51,6.399669044,Moderate
1348,102,28,54,6.862157042000001,Good
1349,98,25,52,6.224066378,Good
1350,97,25,50,6.093814669,Good
1351,90,16,45,6.291540277999999,Moderate
1352,95,12,46,6.32281728,Moderate
1353,82,23,49,6.873283991,Moderate
1354,82,25,51,6.074209622000001,Good
1355,110,28,46,6.49889585,Good
1356,118,21,51,6.678805092,Moderate
1357,120,20,45,6.114128685,Moderate
1358,91,7,52,6.405054243,Moderate
1359,81,6,55,6.110142735,Moderate
1360,101,13,54,6.828982708,Moderate
1361,101,17,55,6.451499763999999,Moderate
1362,111,6,53,6.313512998999999,Moderate
1363,107,10,49,6.755192025,Moderate
1364,115,11,46,6.623167177000001,Moderate
1365,84,25,52,6.12532356,Good
1366,120,7,47,6.653867608,Moderate
1367,91,12,46,6.343942518,Moderate
1368,89,22,52,6.217300786,Moderate
1369,113,19,46,6.286387658,Moderate
1370,97,22,50,6.769893799999998,Moderate
1371,117,30,50,6.744966312000001,Moderate
1372,90,14,52,6.391858432,Moderate
1373,104,23,47,6.770434148,Moderate
1374,81,16,45,6.727468157000001,Moderate
1375,88,5,47,6.662244646,Moderate
1376,92,7,45,6.944640222,Moderate
1377,81,18,50,6.507110986,Moderate
1378,111,5,55,6.520663422,Moderate
1379,108,23,51,6.106500787000001,Moderate
1380,113,30,50,6.277484042999999,Moderate
1381,83,10,53,6.195142279,Moderate
1382,101,11,51,6.792035575,Moderate
1383,114,21,55,6.472756256,Moderate
1384,99,6,45,6.000975617000001,Moderate
1385,92,20,55,6.5877912620000005,Moderate
1386,92,7,48,6.956508826,Moderate
1387,91,24,55,6.259086582999999,Moderate
1388,110,21,54,6.747537642,Moderate
1389,112,25,51,6.932537231,Good
1390,89,25,54,6.353107392999999,Good
1391,100,10,53,6.211748957,Moderate
1392,83,22,54,6.277245253999999,Moderate
1393,95,14,50,6.560443519,Moderate
1394,119,30,49,6.903020221,Moderate
1395,97,12,47,6.765094963999998,Moderate
1396,110,7,45,6.189213927000001,Moderate
1397,96,18,50,6.904241707000001,Moderate
1398,83,23,55,6.463271076,Moderate
1399,120,24,47,6.260838965,Moderate
1400,115,17,55,6.776533055,Moderate
1401,114,27,48,6.528404377999999,Good
1402,101,25,52,6.750145572,Good
1403,118,18,52,6.562832807,Moderate
1404,95,26,45,6.117530021,Good
1405,81,25,49,6.076459669,Good
1406,117,24,53,6.293486295,Moderate
1407,114,30,51,6.069171847000001,Moderate
1408,113,6,52,6.740983646,Moderate
1409,108,26,52,6.201797639,Good
1410,81,30,48,6.041027474,Moderate
1411,115,9,52,6.019372459,Moderate
1412,83,7,45,6.704104127000001,Moderate
1413,84,21,55,6.494251024,Moderate
1414,109,26,45,6.224535448999998,Good
1415,95,27,55,6.160414414,Good
1416,119,5,55,6.168757984,Moderate
1417,110,14,51,6.085444691,Moderate
1418,82,18,48,6.1590508160000015,Moderate
1419,87,14,48,6.606033244,Moderate
1420,85,9,53,6.447662945,Moderate
1421,100,6,53,6.105909623,Moderate
1422,107,12,46,6.559763394,Moderate
1423,91,13,47,6.14410903,Moderate
1424,102,25,50,6.099662369,Good
1425,117,25,53,6.413927319,Good
1426,85,21,52,6.0751441160000015,Moderate
1427,104,25,55,6.123802502,Good
1428,102,24,54,6.698468621,Moderate
1429,116,25,50,6.088885814,Good
1430,100,17,48,6.367800632000001,Moderate
1431,110,25,54,6.425930938,Good
1432,104,25,51,6.469983276000002,Good
1433,107,11,54,6.094016337999999,Moderate
1434,98,26,52,6.150090898999999,Good
1435,88,17,52,6.646962425,Moderate
1436,87,25,46,6.379690748,Good
1437,120,8,46,6.732834334,Moderate
1438,95,13,46,6.126019932,Moderate
1439,108,22,47,6.161123579,Moderate
1440,82,13,52,6.442810053,Moderate
1441,120,23,55,6.732049075,Moderate
1442,110,22,47,6.243673725,Moderate
1443,95,23,45,6.266208727,Moderate
1444,106,10,49,6.350623739,Moderate
1445,99,12,52,6.002927293,Moderate
1446,106,20,51,6.342573112,Moderate
1447,83,11,53,6.163921247999999,Moderate
1448,117,19,55,6.121745389,Moderate
1449,98,26,49,6.130160472999999,Good
1450,113,20,48,6.440584681,Moderate
1451,101,17,47,6.185053234,Moderate
1452,98,7,45,6.157724816,Moderate
1453,93,22,48,6.776987974,Moderate
1454,95,21,47,6.431970877,Moderate
1455,109,12,48,6.708743843,Moderate
1456,118,12,47,6.010739645,Moderate
1457,100,14,49,6.365956657999999,Moderate
1458,89,9,47,6.6683827660000015,Moderate
1459,95,16,46,6.74669542,Moderate
1460,95,7,45,6.031665834,Moderate
1461,87,6,45,6.40077205,Moderate
1462,93,20,50,6.448792688999999,Moderate
1463,84,29,49,6.251420275,Good
1464,111,5,47,6.2744528110000015,Moderate
1465,111,5,52,6.135996372,Moderate
1466,111,15,54,6.194090172,Moderate
1467,89,11,47,6.327822962000001,Moderate
1468,110,15,48,6.2125672110000005,Moderate
1469,95,30,52,6.640470862999999,Moderate
1470,115,12,52,6.685553129,Moderate
1471,120,25,50,6.327210469,Good
1472,102,11,45,6.35544263,Moderate
1473,94,5,55,6.085682343999999,Moderate
1474,84,18,46,6.781050372999999,Moderate
1475,107,22,54,6.630301421,Moderate
1476,80,18,52,6.484799661,Moderate
1477,86,18,45,6.566759102000001,Moderate
1478,113,28,48,6.170520517999999,Good
1479,115,18,53,6.0124803510000016,Moderate
1480,82,20,54,6.541150335,Moderate
1481,98,22,47,6.341400922,Moderate
1482,117,25,54,6.150686363999999,Good
1483,83,15,49,6.438008152999999,Moderate
1484,120,16,51,6.547041902999999,Moderate
1485,111,5,50,6.399891457000001,Moderate
1486,85,21,47,6.186770318,Moderate
1487,90,23,54,6.159020864,Moderate
1488,99,29,55,6.660954816,Good
1489,102,11,47,6.504906978999999,Moderate
1490,80,18,51,6.706053225,Moderate
1491,87,21,52,6.067665497999999,Moderate
1492,114,8,52,6.419083092,Moderate
1493,99,6,46,6.39637861,Moderate
1494,89,25,50,6.375923383,Good
1495,96,13,55,6.700337732,Moderate
1496,82,26,47,6.565312652999999,Good
1497,106,21,52,6.286515359,Moderate
1498,90,15,52,6.448061578,Moderate
1499,106,16,54,6.585872508,Moderate
1500,24,128,196,5.521466996,Good
1501,7,144,197,6.133220586,Good
1502,14,128,205,6.226289556,Good
1503,8,120,201,6.321152192,Good
1504,20,129,201,5.587905967,Good
1505,32,137,204,5.824151692999999,Good
1506,27,139,205,5.7721799460000005,Good
1507,0,123,205,5.790993052,Good
1508,22,144,196,6.4992268210000015,Good
1509,1,124,199,5.658473817000001,Good
1510,30,122,197,5.573241391,Good
1511,29,121,196,6.079497202000001,Good
1512,13,126,204,6.3831802710000005,Good
1513,9,139,199,5.867420996,Good
1514,0,133,200,5.708418722,Good
1515,30,143,199,5.7983508000000015,Good
1516,36,140,198,6.28188384,Good
1517,37,137,199,5.697945522,Good
1518,33,121,203,5.6059340870000005,Good
1519,7,144,195,5.85648105,Good
1520,35,128,205,6.041053829,Good
1521,29,128,198,5.685062404,Good
1522,2,143,196,5.669489065,Good
1523,34,140,198,5.751707342,Good
1524,29,144,204,5.800448951,Good
1525,32,141,203,5.821347769,Good
1526,13,144,197,6.28022267,Good
1527,25,143,198,6.027314401,Good
1528,9,137,200,5.636687393,Good
1529,6,144,198,5.559363609,Good
1530,37,126,196,5.596449493,Good
1531,2,120,203,5.893492998999999,Good
1532,11,143,197,5.875718516,Good
1533,10,141,201,6.386021424,Good
1534,24,142,202,5.710819862,Good
1535,23,138,195,5.7959857160000015,Good
1536,18,125,204,6.046673619,Good
1537,13,121,196,6.443382913,Good
1538,26,122,202,5.617227184,Good
1539,28,123,202,6.442289294,Good
1540,26,121,201,6.162034371,Good
1541,21,137,196,5.812781806,Good
1542,21,135,198,5.7650151260000015,Good
1543,5,144,205,6.184922574,Good
1544,2,123,205,5.739652177000001,Good
1545,15,133,199,5.8247786360000005,Good
1546,31,130,198,5.554823557000001,Good
1547,25,143,200,6.024248787,Good
1548,16,143,204,5.631333387000001,Good
1549,19,122,202,5.811975094,Good
1550,10,125,196,5.730557448,Good
1551,20,139,202,5.66999105,Good
1552,28,123,198,5.682751473,Good
1553,28,136,200,6.245858905,Good
1554,2,131,199,6.017370134,Good
1555,2,140,197,5.53456749,Good
1556,27,138,201,5.952367662,Good
1557,30,127,204,6.126436584,Good
1558,32,145,203,6.406818518,Good
1559,29,139,205,6.155939452999999,Good
1560,26,126,195,5.878568981,Good
1561,40,136,202,5.935336307999999,Good
1562,6,124,200,5.971332179,Good
1563,35,138,200,5.67130617,Good
1564,17,136,196,5.882155987999999,Good
1565,33,134,205,6.08551916,Good
1566,16,143,197,5.90402645,Good
1567,27,120,200,6.1102188260000005,Good
1568,29,145,205,6.212302608,Good
1569,3,141,197,6.142803397000001,Good
1570,15,123,204,6.365972687999999,Good
1571,5,136,195,6.264202804,Good
1572,10,136,204,6.276198595,Good
1573,7,141,195,5.514253142,Good
1574,2,129,201,5.682343744,Good
1575,29,138,197,5.830892252000001,Good
1576,30,137,200,5.603413172000001,Good
1577,29,132,204,6.0967531,Good
1578,14,139,197,6.056529526,Good
1579,18,125,203,6.160267496,Good
1580,33,143,204,5.814434775,Good
1581,40,144,196,5.987262638,Good
1582,9,143,197,5.570020684,Good
1583,38,135,203,5.9655513110000005,Good
1584,28,130,196,6.062356467000001,Good
1585,35,142,203,5.895319002000001,Good
1586,12,129,205,6.119432215,Good
1587,1,135,203,5.624203283,Good
1588,0,145,205,5.52078314,Good
1589,31,121,201,5.731535257999999,Good
1590,35,131,203,5.893490899,Good
1591,29,140,195,5.560521058,Good
1592,33,138,198,6.222390797999999,Good
1593,14,140,197,6.071255131,Good
1594,35,145,195,6.231950009,Good
1595,40,120,197,5.889480679,Good
1596,25,132,198,5.732757516,Good
1597,31,137,196,6.400321212000001,Good
1598,36,144,196,6.496934492,Good
1599,10,140,197,6.229498836,Good
1600,22,30,12,6.354006743999999,Poor
1601,37,6,13,7.511755067999999,Poor
1602,27,13,6,7.335158382,Poor
1603,7,16,9,7.813916602999999,Poor
1604,20,7,9,7.1291369410000005,Poor
1605,26,27,10,6.079998496,Moderate
1606,5,23,15,7.408939392000001,Poor
1607,0,18,14,7.207991261,Poor
1608,39,24,14,7.189259647,Poor
1609,13,23,6,7.365338111,Poor
1610,21,17,15,7.455991072000001,Poor
1611,33,12,8,6.822282114,Poor
1612,6,9,12,7.028746406000002,Poor
1613,19,7,10,6.118430299,Poor
1614,24,18,6,6.285312759,Poor
1615,9,11,8,6.559236744,Poor
1616,31,8,7,7.163245982,Poor
1617,22,17,5,6.945562889,Poor
1618,13,5,8,7.474710503,Poor
1619,16,8,9,7.601189842999999,Poor
1620,4,13,6,7.5611432239999985,Poor
1621,0,25,14,6.361671475,Moderate
1622,8,7,10,6.929216014,Poor
1623,4,23,5,7.477935216,Poor
1624,33,14,8,7.684420446,Poor
1625,30,7,15,7.825531916,Poor
1626,21,29,12,6.438668989,Moderate
1627,11,14,5,6.946354724,Poor
1628,9,8,15,7.994465371,Poor
1629,5,18,14,7.434118807000001,Poor
1630,29,25,14,7.781988584,Poor
1631,33,12,15,6.052318465,Poor
1632,8,16,6,7.106650373,Poor
1633,15,14,8,6.22094286,Poor
1634,16,7,8,6.420457311,Poor
1635,0,12,7,6.969249676,Poor
1636,5,25,6,6.0113021810000005,Moderate
1637,6,8,11,6.600948787999999,Poor
1638,10,5,5,7.817846496,Poor
1639,1,17,6,6.8198271,Poor
1640,1,30,10,7.291405641,Poor
1641,0,23,15,7.598729065,Poor
1642,24,27,9,6.157135092000001,Moderate
1643,36,11,13,7.1917274,Poor
1644,40,21,8,7.418761774,Poor
1645,40,22,6,6.488221135,Poor
1646,32,18,13,6.044167236,Poor
1647,9,10,10,6.010391864,Poor
1648,13,16,8,6.949838549,Poor
1649,15,9,11,7.907956251,Poor
1650,29,11,5,7.639788459,Poor
1651,1,15,9,7.53350946,Poor
1652,18,5,11,6.251586885,Poor
1653,14,22,9,6.543191814,Poor
1654,33,15,7,7.651225301,Poor
1655,4,6,7,6.708889665,Poor
1656,17,16,14,6.625538653,Poor
1657,12,20,10,6.528354932,Poor
1658,34,29,8,6.450640306,Moderate
1659,39,28,10,7.181907673,Moderate
1660,31,25,12,7.016482298,Moderate
1661,12,6,8,6.388617138,Poor
1662,12,29,13,7.57125447,Poor
1663,26,11,11,7.609348255,Poor
1664,19,24,15,7.137136973,Poor
1665,39,21,9,6.354022554,Poor
1666,16,29,13,6.196907944,Moderate
1667,36,29,13,7.829507245,Poor
1668,37,23,12,6.395258356,Poor
1669,39,9,15,7.992041984,Poor
1670,31,5,14,6.583411671,Poor
1671,18,12,8,6.206053072,Poor
1672,20,20,10,6.976997772000001,Poor
1673,5,8,5,6.562594972,Poor
1674,20,8,12,7.260416405,Poor
1675,25,21,11,6.460044777999999,Poor
1676,14,19,14,6.699164936,Poor
1677,37,18,12,7.401121811,Poor
1678,26,15,6,6.912033409,Poor
1679,13,22,5,7.764040111,Poor
1680,32,25,9,7.796034006,Poor
1681,19,7,9,6.969883482999999,Poor
1682,28,7,9,6.730757538,Poor
1683,24,30,11,6.601395755,Poor
1684,7,17,10,6.465913274,Poor
1685,18,23,8,6.41354791,Poor
1686,7,20,12,6.475275337,Poor
1687,20,23,11,6.407715561,Poor
1688,18,14,11,6.550814117000001,Poor
1689,34,11,10,7.36220835,Poor
1690,20,29,10,7.36549204,Moderate
1691,37,24,13,7.8546243,Poor
1692,12,8,10,7.995848977,Poor
1693,34,10,14,6.725600855,Poor
1694,6,13,9,7.786725333,Poor
1695,27,30,5,7.656978112000001,Poor
1696,13,8,12,7.105904818,Poor
1697,6,7,7,7.199106204,Poor
1698,40,17,15,7.871063004,Poor
1699,31,26,9,7.566165721,Poor
1700,61,68,50,6.7932454170000005,Moderate
1701,58,46,45,6.576261427,Moderate
1702,45,47,55,6.751452932,Moderate
1703,39,65,53,6.560743092999999,Moderate
1704,31,68,45,6.938313356,Moderate
1705,70,68,45,6.991626158,Moderate
1706,68,62,50,6.977700268,Moderate
1707,34,65,47,6.833768535,Moderate
1708,38,68,54,6.739170045,Moderate
1709,69,64,47,6.993473247000001,Moderate
1710,58,51,47,6.757470637000001,Moderate
1711,59,47,53,6.8506632320000005,Moderate
1712,44,64,54,6.74274935,Moderate
1713,56,57,48,6.506120752,Moderate
1714,69,60,54,6.98992719,Moderate
1715,56,58,49,6.69215564,Moderate
1716,49,55,53,6.544029776,Moderate
1717,38,51,52,6.927803911,Poor
1718,54,65,47,6.721835879,Moderate
1719,57,57,51,6.99223441,Moderate
1720,39,52,53,6.704204398,Poor
1721,58,67,45,6.702424548,Moderate
1722,61,64,52,6.641098708,Moderate
1723,34,62,55,6.585346229,Moderate
1724,31,48,45,6.563134737,Poor
1725,47,46,52,6.502289472999999,Moderate
1726,32,68,52,6.800321319,Moderate
1727,36,59,46,6.721130542999999,Poor
1728,61,51,51,6.574677594,Moderate
1729,70,54,46,6.919342407,Moderate
1730,44,56,49,6.519779582999999,Moderate
1731,34,68,51,6.687088097999999,Moderate
1732,50,59,47,6.747975732,Moderate
1733,39,70,52,6.65149129,Moderate
1734,34,61,49,6.502675132,Moderate
1735,44,60,55,6.825371185,Moderate
1736,31,62,52,6.99104104,Moderate
1737,65,62,51,6.5116248410000015,Moderate
1738,44,57,53,6.93172108,Moderate
1739,50,47,48,6.712772332999999,Moderate
1740,43,50,48,6.63016515,Moderate
1741,60,46,53,6.761953186,Moderate
1742,70,68,55,6.691202286,Moderate
1743,59,62,52,6.608667683999999,Moderate
1744,60,58,51,6.840802254,Moderate
1745,42,60,47,6.834808347999999,Moderate
1746,35,66,47,6.953439161,Moderate
1747,34,65,48,6.665024507999999,Moderate
1748,36,54,46,6.662875839,Poor
1749,39,64,52,6.678695788,Moderate
1750,37,52,47,6.54277684,Poor
1751,33,47,46,6.839443833,Poor
1752,34,48,48,6.805277038,Poor
1753,49,54,50,6.762522087000001,Moderate
1754,40,65,49,6.678449317999999,Moderate
1755,68,52,49,6.577192175,Moderate
1756,50,46,52,6.734005647999999,Moderate
1757,65,63,50,6.524459342,Moderate
1758,40,49,47,6.501521192,Moderate
1759,42,53,48,6.758479569,Moderate
1760,49,55,51,6.676578778,Moderate
1761,59,62,49,6.941496806,Moderate
1762,63,58,47,6.864143752,Moderate
1763,70,65,52,6.583528529,Moderate
1764,63,50,52,6.751747609,Moderate
1765,40,64,47,6.893509446,Moderate
1766,63,58,50,6.720744449,Moderate
1767,45,58,49,6.827812549,Moderate
1768,66,69,47,6.912299695,Moderate
1769,54,67,52,6.586107335,Moderate
1770,69,67,52,6.827305908,Moderate
1771,67,68,49,6.821774589,Moderate
1772,45,57,47,6.656458831,Moderate
1773,56,50,52,6.770384816,Moderate
1774,70,50,53,6.933809742999999,Moderate
1775,44,47,45,6.579441304,Moderate
1776,50,60,47,6.92791761,Moderate
1777,52,51,53,6.985804083,Moderate
1778,35,68,45,6.612429546,Moderate
1779,68,69,52,6.813383387000001,Moderate
1780,32,55,52,6.967759599999999,Poor
1781,32,55,51,6.57398033,Poor
1782,48,62,47,6.803094965,Moderate
1783,39,69,53,6.964955435,Moderate
1784,49,61,45,6.764213299,Moderate
1785,48,57,54,6.617703177999999,Moderate
1786,69,66,49,6.52711001,Moderate
1787,53,55,55,6.709668804,Moderate
1788,38,61,52,6.620729882000001,Moderate
1789,57,64,55,6.583760498999999,Moderate
1790,51,57,55,6.6764073370000006,Moderate
1791,56,65,45,6.751298936,Moderate
1792,54,66,52,6.867554147000001,Moderate
1793,58,55,47,6.7424900270000006,Moderate
1794,68,70,54,6.986228647000001,Moderate
1795,42,59,55,6.979102243,Moderate
1796,43,64,47,6.8256647820000005,Moderate
1797,35,67,49,6.617066674,Moderate
1798,56,59,55,6.551892637999999,Moderate
1799,39,64,53,6.598860305,Moderate
1800,18,30,29,6.4200187170000005,Poor
1801,37,23,28,5.7400545670000005,Poor
1802,13,28,33,5.686972967000001,Moderate
1803,2,21,35,6.293662362999999,Poor
1804,10,18,35,6.381975465,Poor
1805,7,11,32,5.542169138999999,Poor
1806,39,5,31,5.551963184,Poor
1807,34,6,27,5.8607404810000014,Poor
1808,31,30,29,5.558807063,Poor
1809,25,7,35,5.55771171,Poor
1810,16,18,26,5.568365926,Poor
1811,26,10,33,6.07071786,Poor
1812,27,8,32,5.627860548999998,Poor
1813,37,18,30,6.38488418,Poor
1814,19,15,34,5.6858890660000005,Poor
1815,0,19,33,6.234458417000001,Poor
1816,31,20,26,6.443168642000001,Poor
1817,9,17,32,5.842317989,Poor
1818,22,11,29,5.955742971,Poor
1819,31,6,26,5.741367375,Poor
1820,34,6,30,5.948342571,Poor
1821,24,6,32,6.387067562,Poor
1822,1,8,26,5.562911913,Poor
1823,31,13,33,5.85971872,Poor
1824,10,9,28,6.282955072999999,Poor
1825,36,27,26,6.25449571,Moderate
1826,38,24,33,5.973853124,Poor
1827,11,6,25,6.081568052000001,Poor
1828,16,14,30,6.37466756,Poor
1829,33,14,35,6.027707171,Poor
1830,16,6,29,5.868285082000001,Poor
1831,32,11,31,6.205931637999999,Poor
1832,38,14,30,5.5707453860000005,Poor
1833,8,6,33,6.095261012999999,Poor
1834,23,6,33,6.025789594,Poor
1835,29,25,35,5.542873799,Moderate
1836,24,14,33,6.366219551,Poor
1837,32,12,30,5.579845008,Poor
1838,30,25,31,5.804965067,Moderate
1839,14,21,35,6.121005506,Poor
1840,27,22,29,6.000248647,Poor
1841,40,5,29,5.820978791,Poor
1842,17,11,32,5.620733794,Poor
1843,30,30,35,6.001936419,Poor
1844,28,10,30,6.305740522000001,Poor
1845,39,7,29,6.362544111,Poor
1846,32,20,35,5.588655387,Poor
1847,7,15,32,6.182232762000001,Poor
1848,29,17,29,5.959493188,Poor
1849,34,15,34,5.677282677999999,Poor
1850,14,23,25,5.6121227970000005,Poor
1851,18,19,29,6.206077742000001,Poor
1852,7,21,35,5.764812076,Poor
1853,24,27,34,6.203376525,Moderate
1854,39,29,29,6.143662699,Moderate
1855,29,8,28,6.100429497,Poor
1856,10,24,27,5.7084096010000005,Poor
1857,0,29,32,5.868255858,Moderate
1858,32,11,31,6.461225827000001,Poor
1859,37,10,32,6.165084855,Poor
1860,20,29,27,6.047044342,Moderate
1861,31,29,35,6.137102505,Moderate
1862,17,30,27,5.894027065,Poor
1863,1,12,30,5.56222383,Poor
1864,6,13,29,5.832608027999999,Poor
1865,15,28,32,6.2185718739999984,Moderate
1866,27,24,29,6.142010637,Poor
1867,3,23,30,6.078807239,Poor
1868,8,26,26,5.702484758,Moderate
1869,20,28,26,5.547594847,Moderate
1870,26,18,27,5.836075368,Poor
1871,1,6,35,6.231662767,Poor
1872,27,30,31,5.718120393,Poor
1873,23,7,34,5.852038202,Poor
1874,0,26,31,5.547933273,Moderate
1875,38,6,25,6.156259104,Poor
1876,25,12,26,6.436314406,Poor
1877,40,5,32,5.981169595,Poor
1878,0,19,31,6.271952832999999,Poor
1879,26,9,32,6.470465614,Poor
1880,35,30,34,6.141502001,Poor
1881,19,30,30,5.826381164,Poor
1882,31,13,33,6.342463714,Poor
1883,17,29,26,6.071897347,Moderate
1884,2,30,30,6.331051715,Poor
1885,30,13,25,6.413184638,Poor
1886,8,15,33,5.50158009,Poor
1887,18,12,35,6.338720873,Poor
1888,8,28,30,6.015672239,Moderate
1889,40,22,29,5.735364307,Poor
1890,27,10,33,6.465906333,Poor
1891,21,20,31,5.855457599,Poor
1892,3,9,35,6.318552972999999,Poor
1893,22,16,27,6.006784979,Poor
1894,27,8,30,6.008386282999999,Poor
1895,22,8,33,5.665785202,Poor
1896,28,27,32,5.764615485,Moderate
1897,23,21,26,5.901495543999999,Poor
1898,37,5,34,5.779032666,Poor
1899,19,26,29,5.67154928,Moderate
1900,133,47,24,7.231324765,Moderate
1901,136,36,20,6.925412377000001,Moderate
1902,104,47,18,7.633437412,Moderate
1903,133,47,23,6.827354668,Moderate
1904,126,38,23,6.176716425,Moderate
1905,126,50,19,6.6287228360000015,Moderate
1906,113,41,20,7.256877571,Moderate
1907,121,45,22,6.443785385,Moderate
1908,121,47,16,7.7232401510000015,Moderate
1909,129,60,22,5.947448589,Moderate
1910,107,45,25,7.2277455160000015,Moderate
1911,122,59,18,6.219469084,Moderate
1912,140,38,15,6.021439523,Moderate
1913,102,49,21,6.253343655,Moderate
1914,111,40,25,6.187455798999999,Moderate
1915,131,35,18,7.0576933660000005,Moderate
1916,135,43,16,6.720449769,Moderate
1917,100,46,18,6.4316895060000006,Moderate
1918,123,39,24,7.453106264,Moderate
1919,117,56,15,7.368258226,Moderate
1920,121,36,24,7.352401887,Moderate
1921,101,58,18,6.652143699,Moderate
1922,107,42,24,6.144631795,Moderate
1923,100,41,22,7.318802162000001,Moderate
1924,125,39,21,7.954629324,Moderate
1925,105,60,23,6.207652157,Moderate
1926,102,46,19,6.631005298,Moderate
1927,131,49,22,7.306918817000001,Moderate
1928,139,35,15,5.898293044,Moderate
1929,108,36,19,7.238566893,Moderate
1930,118,45,23,7.977651226,Moderate
1931,107,51,22,5.983075895,Moderate
1932,125,60,17,6.785723961,Moderate
1933,113,37,20,7.393441155,Moderate
1934,131,52,16,6.486068274,Moderate
1935,115,48,16,7.175934962,Moderate
1936,113,38,25,7.388265887999999,Moderate
1937,111,41,18,6.10539819,Moderate
1938,111,53,19,6.419536555,Moderate
1939,122,48,16,6.307585854,Moderate
1940,108,46,17,6.93221485,Moderate
1941,132,41,22,7.810865753,Moderate
1942,103,42,17,6.527541661,Moderate
1943,133,50,25,7.569454601,Moderate
1944,127,37,18,7.041065585,Moderate
1945,110,39,25,7.208795456,Moderate
1946,131,38,19,6.814341946,Moderate
1947,108,38,24,7.442217061,Moderate
1948,122,40,17,6.854558957,Moderate
1949,111,50,15,7.884550475,Moderate
1950,140,40,17,6.006085786,Moderate
1951,100,40,20,7.432043735,Moderate
1952,123,50,16,6.498052108,Moderate
1953,107,36,21,6.205263534,Moderate
1954,118,50,19,6.360812227,Moderate
1955,103,51,20,7.0466074339999984,Moderate
1956,133,57,19,7.947011366,Moderate
1957,129,47,20,6.281913857999999,Moderate
1958,116,52,19,6.114525877,Moderate
1959,114,40,23,6.7539780610000015,Moderate
1960,131,60,17,7.4250413160000015,Moderate
1961,107,43,18,6.745104394,Moderate
1962,123,44,21,7.6411165689999985,Moderate
1963,112,49,25,6.470135478,Moderate
1964,119,44,15,7.091992365,Moderate
1965,130,59,19,6.520403794,Moderate
1966,127,53,24,6.127939627999999,Moderate
1967,134,52,18,7.994679507000001,Moderate
1968,109,36,18,7.524707577,Moderate
1969,100,48,17,7.827877817999999,Moderate
1970,132,52,19,6.436691764,Moderate
1971,102,37,25,5.907930899,Moderate
1972,111,39,22,6.135025006,Moderate
1973,117,51,15,6.044556594,Moderate
1974,136,36,24,7.59781958,Moderate
1975,134,56,18,6.691268104,Moderate
1976,112,54,15,6.1754923060000015,Moderate
1977,105,56,15,7.272316208999999,Moderate
1978,140,45,15,5.801047545,Moderate
1979,126,46,25,6.757457943,Moderate
1980,106,49,24,6.983395572999999,Moderate
1981,121,53,19,7.976889497999999,Moderate
1982,108,60,17,6.558902588,Moderate
1983,116,56,17,7.979090365,Moderate
1984,100,52,19,7.903528672999999,Moderate
1985,129,43,16,6.73210948,Moderate
1986,118,44,23,6.6916904760000016,Moderate
1987,117,43,25,7.839849298,Moderate
1988,126,37,21,6.61448588,Moderate
1989,120,48,16,7.456971816,Moderate
1990,102,45,16,7.2942193,Moderate
1991,131,56,20,7.762647875,Moderate
1992,114,40,17,6.363406102000001,Moderate
1993,101,37,18,7.63737841,Moderate
1994,106,46,20,6.2006719760000015,Moderate
1995,113,38,20,6.364729934,Moderate
1996,102,53,21,6.913678684,Moderate
1997,110,39,18,7.766259768999999,Moderate
1998,107,58,15,7.55606399,Moderate
1999,120,60,15,7.288377241,Moderate
2000,89,47,38,6.002524871,Moderate
2001,60,37,39,6.033485257000001,Moderate
2002,63,41,45,7.121933578999999,Moderate
2003,86,40,39,6.207459637,Moderate
2004,96,41,40,6.090060478,Moderate
2005,100,35,36,6.346715209,Moderate
2006,63,37,43,6.661957897000001,Moderate
2007,70,43,40,6.176860192,Moderate
2008,67,55,44,7.251847296,Moderate
2009,74,40,40,6.386259977999999,Moderate
2010,89,53,44,7.319735475,Moderate
2011,74,46,45,6.025028997000001,Moderate
2012,89,41,38,6.344751947000001,Moderate
2013,60,55,40,7.02777956,Moderate
2014,67,43,38,7.299304715,Moderate
2015,70,38,35,7.014063944,Moderate
2016,74,49,38,7.4880144039999985,Moderate
2017,90,40,39,6.626503893,Moderate
2018,82,35,44,6.239011,Moderate
2019,73,45,37,6.742688094,Moderate
2020,85,53,38,6.588017308,Moderate
2021,81,56,36,7.097586415,Moderate
2022,84,55,38,6.956682742999999,Moderate
2023,80,45,42,7.380396262,Moderate
2024,76,54,45,6.176618831,Moderate
2025,76,56,39,6.551130445,Moderate
2026,81,40,45,6.427726565,Moderate
2027,76,44,45,6.740947635,Moderate
2028,69,47,40,6.130136384,Moderate
2029,82,40,45,6.667633355,Moderate
2030,69,57,35,6.1868143920000005,Moderate
2031,81,36,38,6.334837865,Moderate
2032,67,60,38,7.16214284,Moderate
2033,72,51,40,7.422318499,Moderate
2034,65,39,45,6.768001309,Moderate
2035,78,50,43,6.348441469,Moderate
2036,77,52,41,6.097294061,Moderate
2037,89,52,42,6.14132902,Moderate
2038,62,49,37,7.479248124,Moderate
2039,90,48,45,6.509174788999999,Moderate
2040,66,47,36,6.57256106,Moderate
2041,80,52,39,7.165696848,Moderate
2042,89,52,45,7.207457207999999,Moderate
2043,77,51,44,7.124333547000001,Moderate
2044,94,37,41,6.4635387070000005,Moderate
2045,75,41,35,6.856833064,Moderate
2046,60,55,36,7.132389299,Moderate
2047,62,56,35,6.235357637999999,Moderate
2048,84,40,42,6.704273839,Moderate
2049,100,56,40,7.433313409,Moderate
2050,75,56,44,6.109478059,Moderate
2051,78,46,42,7.095413294,Moderate
2052,82,48,36,6.352076782999999,Moderate
2053,100,58,41,6.6587699910000016,Moderate
2054,88,50,40,7.0518224720000005,Moderate
2055,67,41,40,7.333143205,Moderate
2056,72,42,43,6.352771037,Moderate
2057,89,40,43,7.124050134,Moderate
2058,89,57,43,6.998787171,Moderate
2059,61,41,44,6.537914957999999,Moderate
2060,79,45,43,7.171054239,Moderate
2061,84,40,43,7.228268227999999,Moderate
2062,98,43,35,7.319952206,Moderate
2063,75,36,44,6.613341342999999,Moderate
2064,89,58,35,6.096838784,Moderate
2065,91,41,37,6.132570522999999,Moderate
2066,77,48,36,7.36008498,Moderate
2067,66,58,35,7.321619041,Moderate
2068,62,59,41,7.175170657000001,Moderate
2069,82,35,35,7.299076163,Moderate
2070,61,41,35,6.842966478999998,Moderate
2071,99,57,38,6.356295567999999,Moderate
2072,70,42,43,6.508342839,Moderate
2073,90,59,35,7.098227926,Moderate
2074,73,43,42,6.310699968,Moderate
2075,67,46,44,7.093328631,Moderate
2076,84,37,42,6.691074249,Moderate
2077,72,41,36,6.187746776,Moderate
2078,71,56,37,6.491506245,Moderate
2079,64,53,38,6.855362875,Moderate
2080,65,54,39,7.124571593,Moderate
2081,60,58,37,6.067302109,Moderate
2082,86,39,43,6.432051512,Moderate
2083,90,50,44,6.253408852000001,Moderate
2084,91,38,36,7.287318722999999,Moderate
2085,87,48,38,7.161865733,Moderate
2086,72,41,36,6.065898282999999,Moderate
2087,71,54,35,7.311077075,Moderate
2088,82,46,41,6.581693772,Moderate
2089,71,52,43,6.732826127,Moderate
2090,80,43,43,6.014572075,Moderate
2091,77,55,43,6.663559451,Moderate
2092,95,57,41,6.434610995,Moderate
2093,63,47,35,7.432768147000001,Moderate
2094,93,43,38,6.987332927000001,Moderate
2095,87,44,43,6.718725189,Moderate
2096,88,52,39,6.880204617,Moderate
2097,90,39,37,6.86106911,Moderate
2098,90,39,43,6.7693455,Moderate
2099,84,38,43,7.26158085,Moderate
2100,91,21,26,7.261313694,Moderate
2101,107,21,26,7.235070264,Moderate
2102,83,38,35,7.18915558,Moderate
2103,108,24,31,6.431899747999999,Moderate
2104,116,28,34,6.42321105,Good
2105,116,23,25,6.869720196,Moderate
2106,109,31,27,6.973839707000001,Moderate
2107,89,25,34,7.184801627000001,Good
2108,118,18,32,6.351823783,Moderate
2109,111,32,34,6.392048018,Moderate
2110,84,36,28,6.119892347,Moderate
2111,85,33,25,6.910823945,Moderate
2112,99,15,27,6.501157208,Moderate
2113,81,30,31,7.027585558999999,Moderate
2114,95,39,29,7.13411409,Moderate
2115,81,34,30,6.6477659970000005,Moderate
2116,80,15,28,6.703270635,Moderate
2117,104,20,26,7.493191968,Moderate
2118,109,29,28,6.724688502999999,Good
2119,100,32,26,6.043485685,Moderate
2120,100,24,28,7.101661011,Moderate
2121,83,21,28,7.466900682999999,Moderate
2122,120,23,28,6.877799264,Moderate
2123,104,26,30,6.410992833,Good
2124,108,33,31,7.393825704,Moderate
2125,91,25,26,7.482414225,Good
2126,86,26,27,6.081172981,Good
2127,98,18,27,6.516312148,Moderate
2128,111,27,31,6.0433309510000015,Good
2129,84,39,35,6.959404135,Moderate
2130,98,27,27,7.238109556,Good
2131,118,21,34,7.234258375,Moderate
2132,103,27,31,6.691541233,Good
2133,82,24,33,6.809593554,Moderate
2134,86,31,35,6.485761419,Moderate
2135,88,35,35,6.784460602,Moderate
2136,84,27,29,7.167092586,Good
2137,120,40,33,6.73410539,Moderate
2138,106,40,30,6.779984384,Moderate
2139,113,21,33,7.277422737999999,Moderate
2140,117,34,25,7.21270048,Moderate
2141,80,30,25,7.487266991,Moderate
2142,88,21,27,7.231166546,Moderate
2143,113,33,34,6.559817161000002,Moderate
2144,87,23,28,6.979590627,Moderate
2145,113,15,29,6.779230041,Moderate
2146,98,29,30,6.217974349,Good
2147,97,29,27,7.205078785,Good
2148,85,35,32,6.854011265,Moderate
2149,82,29,35,6.246872394,Good
2150,103,33,25,6.911066044,Moderate
2151,112,17,28,6.777417989,Moderate
2152,99,19,33,6.273741983,Moderate
2153,120,20,34,6.906124587000001,Moderate
2154,114,27,28,7.162802357,Good
2155,100,40,35,6.9557873510000015,Moderate
2156,108,35,25,6.971963169,Moderate
2157,115,31,30,6.840927967000001,Moderate
2158,87,28,30,6.536676653,Good
2159,82,24,26,6.089443602999999,Moderate
2160,94,26,27,7.456460375,Good
2161,87,28,35,6.759211911,Good
2162,118,40,35,7.460174812000001,Moderate
2163,87,38,29,6.652642579,Moderate
2164,92,40,30,6.026287448,Moderate
2165,97,22,26,6.074190142000001,Moderate
2166,99,40,32,7.0455430560000005,Moderate
2167,89,28,33,6.9932360010000005,Good
2168,112,39,29,6.726528895,Moderate
2169,111,28,26,6.937352845,Good
2170,114,20,26,7.27905689,Moderate
2171,117,26,30,7.079850922,Good
2172,111,29,31,6.136286518,Good
2173,119,30,28,6.5052036960000015,Moderate
2174,116,40,33,7.042089492000001,Moderate
2175,95,37,35,6.348337518999998,Moderate
2176,86,40,33,7.432322234,Moderate
2177,117,37,32,6.787658922,Moderate
2178,105,18,35,6.743417121,Moderate
2179,109,23,25,7.00733163,Moderate
2180,80,18,31,7.303033217,Moderate
2181,101,31,26,6.861235184,Moderate
2182,103,33,33,7.131435858,Moderate
2183,93,26,27,7.288211994,Good
2184,104,35,28,6.983732393,Moderate
2185,116,36,25,6.172090205,Moderate
2186,107,38,29,6.35118177,Moderate
2187,101,33,33,6.908671378999999,Moderate
2188,107,31,31,6.766184468,Moderate
2189,99,16,30,6.392791654,Moderate
2190,103,40,30,6.3483162570000005,Moderate
2191,118,31,34,6.123796057000001,Moderate
2192,106,21,35,7.4285236339999985,Moderate
2193,116,38,34,6.020947179,Moderate
2194,97,35,26,6.334610249,Moderate
2195,107,34,32,6.78006386,Moderate
2196,99,15,27,6.086922359,Moderate
2197,118,33,30,6.362607851,Moderate
2198,117,32,34,6.758792552,Moderate
2199,104,18,30,6.779832611000002,Moderate
